flow_id,timestamp,src_ip,src_port,dst_ip,dst_port,protocol,duration,packets_count,fwd_packets_count,bwd_packets_count,total_payload_bytes,fwd_total_payload_bytes,bwd_total_payload_bytes,payload_bytes_max,payload_bytes_min,payload_bytes_mean,payload_bytes_std,payload_bytes_variance,fwd_payload_bytes_max,fwd_payload_bytes_min,fwd_payload_bytes_mean,fwd_payload_bytes_std,fwd_payload_bytes_variance,bwd_payload_bytes_max,bwd_payload_bytes_min,bwd_payload_bytes_mean,bwd_payload_bytes_std,bwd_payload_bytes_variance,total_header_bytes,max_header_bytes,min_header_bytes,mean_header_bytes,std_header_bytes,fwd_total_header_bytes,fwd_max_header_bytes,fwd_min_header_bytes,fwd_mean_header_bytes,fwd_std_header_bytes,bwd_total_header_bytes,bwd_max_header_bytes,bwd_min_header_bytes,bwd_mean_header_bytes,bwd_std_header_bytes,fwd_avg_segment_size,bwd_avg_segment_size,avg_segment_size,fwd_init_win_bytes,bwd_init_win_bytes,active_min,active_max,active_mean,active_std,idle_min,idle_max,idle_mean,idle_std,bytes_rate,fwd_bytes_rate,bwd_bytes_rate,packets_rate,bwd_packets_rate,fwd_packets_rate,down_up_rate,avg_fwd_bytes_per_bulk,avg_fwd_packets_per_bulk,avg_fwd_bulk_rate,avg_bwd_bytes_per_bulk,avg_bwd_packets_bulk_rate,avg_bwd_bulk_rate,fwd_bulk_state_count,fwd_bulk_total_size,fwd_bulk_per_packet,fwd_bulk_duration,bwd_bulk_state_count,bwd_bulk_total_size,bwd_bulk_per_packet,bwd_bulk_duration,fin_flag_counts,psh_flag_counts,urg_flag_counts,ece_flag_counts,syn_flag_counts,ack_flag_counts,cwr_flag_counts,rst_flag_counts,fwd_fin_flag_counts,fwd_psh_flag_counts,fwd_urg_flag_counts,fwd_ece_flag_counts,fwd_syn_flag_counts,fwd_ack_flag_counts,fwd_cwr_flag_counts,fwd_rst_flag_counts,bwd_fin_flag_counts,bwd_psh_flag_counts,bwd_urg_flag_counts,bwd_ece_flag_counts,bwd_syn_flag_counts,bwd_ack_flag_counts,bwd_cwr_flag_counts,bwd_rst_flag_counts,packets_IAT_mean,packet_IAT_std,packet_IAT_max,packet_IAT_min,packet_IAT_total,fwd_packets_IAT_mean,fwd_packets_IAT_std,fwd_packets_IAT_max,fwd_packets_IAT_min,fwd_packets_IAT_total,bwd_packets_IAT_mean,bwd_packets_IAT_std,bwd_packets_IAT_max,bwd_packets_IAT_min,bwd_packets_IAT_total,subflow_fwd_packets,subflow_bwd_packets,subflow_fwd_bytes,subflow_bwd_bytes,label
172.16.0.1_60744_192.168.10.50_21_TCP_2017-07-07 13:14:05.497800,14:05.5,172.16.0.1,60744,192.168.10.50,21,TCP,0.003920794,7,4,3,20,0,20,20,0,2.85714286,6.99854212,48.97959184,20,0,2.85714286,6.99854212,0,20,0,2.85714286,6.99854212,88.88888889,240,40,32,34.28571429,3.61403161,136,40,32,34,3.46410162,104,40,32,34.66666667,3.77123617,0,6.666666667,2.857142857,29200,28960,0,0,0,0,0,0,0,0,5101.008209,0,5101.008209,1785.352873,765.1512314,1020.201642,0.75,0,0,0,0,0,0,0,0,0,0,0,0,0,0,2,1,0,0,2,6,0,0,1,0,0,0,1,3,0,0,1,1,0,0,1,3,0,0,0.00065347,0.0007127,0.002181053,6.58E-05,0.003920794,0.001285,0.00106143,0.002773046,0.000370026,0.00385499,0.00189841,0.00087059,0.002768993,0.001027822,0.003796816,0,0,0,0,Port_Scan
172.16.0.1_45018_192.168.10.50_22_TCP_2017-07-07 13:14:05.497803,14:05.5,172.16.0.1,45018,192.168.10.50,22,TCP,0.011778116,7,4,3,41,0,41,41,0,5.85714286,14.34701135,205.8367347,41,0,5.85714286,14.34701135,0,41,0,5.85714286,14.34701135,373.5555556,240,40,32,34.28571429,3.61403161,136,40,32,34,3.46410162,104,40,32,34.66666667,3.77123617,0,13.66666667,5.857142857,29200,28960,0,0,0,0,0,0,0,0,3481.032044,0,3481.032044,594.3225441,254.7096617,339.6128823,0.75,0,0,0,0,0,0,0,0,0,0,0,0,0,0,2,1,0,0,2,6,0,0,1,0,0,0,1,3,0,0,1,1,0,0,1,3,0,0,0.00196302,0.00314749,0.008979082,0.000118017,0.011778116,0.00372569,0.00407957,0.009493113,0.000711918,0.011177063,0.00583005,0.00374293,0.009572983,0.002087116,0.011660099,0,0,0,0,Port_Scan
172.16.0.1_60754_192.168.10.50_21_TCP_2017-07-07 13:14:17.054064,14:17.1,172.16.0.1,60754,192.168.10.50,21,TCP,0.004273891,7,4,3,20,0,20,20,0,2.85714286,6.99854212,48.97959184,20,0,2.85714286,6.99854212,0,20,0,2.85714286,6.99854212,88.88888889,240,40,32,34.28571429,3.61403161,136,40,32,34,3.46410162,104,40,32,34.66666667,3.77123617,0,6.666666667,2.857142857,29200,28960,0,0,0,0,0,0,0,0,4679.576035,0,4679.576035,1637.851612,701.9364052,935.915207,0.75,0,0,0,0,0,0,0,0,0,0,0,0,0,0,2,1,0,0,2,6,0,0,1,0,0,0,1,3,0,0,1,1,0,0,1,3,0,0,0.00071232,0.00081784,0.00246501,7.80E-05,0.004273891,0.00139864,0.00129491,0.003216028,0.000294924,0.004195929,0.0020715,0.00094759,0.003019094,0.001123905,0.004143,0,0,0,0,Port_Scan
172.16.0.1_45028_192.168.10.50_22_TCP_2017-07-07 13:14:17.054116,14:17.1,172.16.0.1,45028,192.168.10.50,22,TCP,0.011112928,7,4,3,41,0,41,41,0,5.85714286,14.34701135,205.8367347,41,0,5.85714286,14.34701135,0,41,0,5.85714286,14.34701135,373.5555556,240,40,32,34.28571429,3.61403161,136,40,32,34,3.46410162,104,40,32,34.66666667,3.77123617,0,13.66666667,5.857142857,29200,28960,0,0,0,0,0,0,0,0,3689.39658,0,3689.39658,629.8969771,269.9558473,359.9411298,0.75,0,0,0,0,0,0,0,0,0,0,0,0,0,0,2,1,0,0,2,6,0,0,1,0,0,0,1,3,0,0,1,1,0,0,1,3,0,0,0.00185215,0.00267744,0.007807016,0.000137091,0.011112928,0.00350602,0.00358083,0.008569002,0.000884056,0.010518074,0.00548792,0.00306606,0.008553982,0.002421856,0.010975838,0,0,0,0,Port_Scan
172.16.0.1_60764_192.168.10.50_21_TCP_2017-07-07 13:14:28.373033,14:28.4,172.16.0.1,60764,192.168.10.50,21,TCP,0.004355907,7,4,3,20,0,20,20,0,2.85714286,6.99854212,48.97959184,20,0,2.85714286,6.99854212,0,20,0,2.85714286,6.99854212,88.88888889,240,40,32,34.28571429,3.61403161,136,40,32,34,3.46410162,104,40,32,34.66666667,3.77123617,0,6.666666667,2.857142857,29200,28960,0,0,0,0,0,0,0,0,4591.465791,0,4591.465791,1607.013027,688.7198686,918.2931582,0.75,0,0,0,0,0,0,0,0,0,0,0,0,0,0,2,1,0,0,2,6,0,0,1,0,0,0,1,3,0,0,1,1,0,0,1,3,0,0,0.00072598,0.00088211,0.002635002,4.89E-05,0.004355907,0.00142964,0.00125613,0.003200054,0.000417948,0.004288912,0.00215352,0.00110352,0.003257036,0.001049995,0.004307032,0,0,0,0,Port_Scan
172.16.0.1_45038_192.168.10.50_22_TCP_2017-07-07 13:14:28.373039,14:28.4,172.16.0.1,45038,192.168.10.50,22,TCP,0.010422945,7,4,3,41,0,41,41,0,5.85714286,14.34701135,205.8367347,41,0,5.85714286,14.34701135,0,41,0,5.85714286,14.34701135,373.5555556,240,40,32,34.28571429,3.61403161,136,40,32,34,3.46410162,104,40,32,34.66666667,3.77123617,0,13.66666667,5.857142857,29200,28960,0,0,0,0,0,0,0,0,3933.629115,0,3933.629115,671.5952147,287.8265206,383.7686941,0.75,0,0,0,0,0,0,0,0,0,0,0,0,0,0,2,1,0,0,2,6,0,0,1,0,0,0,1,3,0,0,1,1,0,0,1,3,0,0,0.00173716,0.00271266,0.007781982,7.61E-05,0.010422945,0.00327102,0.00356858,0.008316994,0.000672102,0.00981307,0.00517344,0.00320458,0.008378029,0.001968861,0.010346889,0,0,0,0,Port_Scan
172.16.0.1_60774_192.168.10.50_21_TCP_2017-07-07 13:14:40.029317,14:40.0,172.16.0.1,60774,192.168.10.50,21,TCP,0.004201174,7,4,3,20,0,20,20,0,2.85714286,6.99854212,48.97959184,20,0,2.85714286,6.99854212,0,20,0,2.85714286,6.99854212,88.88888889,240,40,32,34.28571429,3.61403161,136,40,32,34,3.46410162,104,40,32,34.66666667,3.77123617,0,6.666666667,2.857142857,29200,28960,0,0,0,0,0,0,0,0,4760.574315,0,4760.574315,1666.20101,714.0861472,952.1148629,0.75,0,0,0,0,0,0,0,0,0,0,0,0,0,0,2,1,0,0,2,6,0,0,1,0,0,0,1,3,0,0,1,1,0,0,1,3,0,0,0.0007002,0.00082819,0.002459049,7.20E-05,0.004201174,0.00136367,0.00133774,0.003235102,0.000187874,0.004091024,0.00206459,0.00099051,0.003055096,0.001074076,0.004129171,0,0,0,0,Port_Scan
172.16.0.1_45048_192.168.10.50_22_TCP_2017-07-07 13:14:40.029323,14:40.0,172.16.0.1,45048,192.168.10.50,22,TCP,0.010699987,7,4,3,41,0,41,41,0,5.85714286,14.34701135,205.8367347,41,0,5.85714286,14.34701135,0,41,0,5.85714286,14.34701135,373.5555556,240,40,32,34.28571429,3.61403161,136,40,32,34,3.46410162,104,40,32,34.66666667,3.77123617,0,13.66666667,5.857142857,29200,28960,0,0,0,0,0,0,0,0,3831.780209,0,3831.780209,654.2063771,280.3741616,373.8322155,0.75,0,0,0,0,0,0,0,0,0,0,0,0,0,0,2,1,0,0,2,6,0,0,1,0,0,0,1,3,0,0,1,1,0,0,1,3,0,0,0.00178333,0.0028116,0.008047104,5.39E-05,0.010699987,0.00337029,0.003684,0.008579016,0.00066781,0.010110855,0.00532305,0.00333798,0.008661032,0.001985073,0.010646105,0,0,0,0,Port_Scan
172.16.0.1_60784_192.168.10.50_21_TCP_2017-07-07 13:14:51.602023,14:51.6,172.16.0.1,60784,192.168.10.50,21,TCP,0.004067183,7,4,3,20,0,20,20,0,2.85714286,6.99854212,48.97959184,20,0,2.85714286,6.99854212,0,20,0,2.85714286,6.99854212,88.88888889,240,40,32,34.28571429,3.61403161,136,40,32,34,3.46410162,104,40,32,34.66666667,3.77123617,0,6.666666667,2.857142857,29200,28960,0,0,0,0,0,0,0,0,4917.408992,0,4917.408992,1721.093147,737.6113488,983.4817985,0.75,0,0,0,0,0,0,0,0,0,0,0,0,0,0,2,1,0,0,2,6,0,0,1,0,0,0,1,3,0,0,1,1,0,0,1,3,0,0,0.00067786,0.00065014,0.00208497,0.000126123,0.004067183,0.00127204,0.00097866,0.00264883,0.000461102,0.003816128,0.00197053,0.00069451,0.002665043,0.001276016,0.003941059,0,0,0,0,Port_Scan
172.16.0.1_45058_192.168.10.50_22_TCP_2017-07-07 13:14:51.602018,14:51.6,172.16.0.1,45058,192.168.10.50,22,TCP,0.013231993,8,4,4,41,0,41,41,0,5.125,13.55947547,183.859375,41,0,5.125,13.55947547,0,41,0,5.125,13.55947547,315.1875,272,40,32,34,3.46410162,136,40,32,34,3.46410162,136,40,32,34,3.46410162,0,10.25,5.125,29200,28960,0,0,0,0,0,0,0,0,3098.550677,0,3098.550677,604.595254,302.297627,302.297627,1,0,0,0,0,0,0,0,0,0,0,0,0,0,0,2,1,0,0,2,7,0,0,1,0,0,0,1,3,0,0,1,1,0,0,1,4,0,0,0.00189028,0.00340861,0.010219097,0.000160933,0.013231993,0.0041856,0.00477804,0.010941982,0.000717878,0.012556791,0.00435702,0.00457544,0.010776043,0.000441074,0.01307106,0,0,0,0,Port_Scan
172.16.0.1_60794_192.168.10.50_21_TCP_2017-07-07 13:15:03.338339,15:03.3,172.16.0.1,60794,192.168.10.50,21,TCP,0.004527807,7,4,3,20,0,20,20,0,2.85714286,6.99854212,48.97959184,20,0,2.85714286,6.99854212,0,20,0,2.85714286,6.99854212,88.88888889,240,40,32,34.28571429,3.61403161,136,40,32,34,3.46410162,104,40,32,34.66666667,3.77123617,0,6.666666667,2.857142857,29200,28960,0,0,0,0,0,0,0,0,4417.149176,0,4417.149176,1546.002212,662.5723764,883.4298352,0.75,0,0,0,0,0,0,0,0,0,0,0,0,0,0,2,1,0,0,2,6,0,0,1,0,0,0,1,3,0,0,1,1,0,0,1,3,0,0,0.00075463,0.00087963,0.002673149,0.000111818,0.004527807,0.001472,0.00124727,0.003227949,0.000449181,0.004415989,0.00220096,0.00108516,0.003286123,0.001115799,0.004401922,0,0,0,0,Port_Scan
172.16.0.1_45068_192.168.10.50_22_TCP_2017-07-07 13:15:03.338360,15:03.3,172.16.0.1,45068,192.168.10.50,22,TCP,0.01086998,7,4,3,41,0,41,41,0,5.85714286,14.34701135,205.8367347,41,0,5.85714286,14.34701135,0,41,0,5.85714286,14.34701135,373.5555556,240,40,32,34.28571429,3.61403161,136,40,32,34,3.46410162,104,40,32,34.66666667,3.77123617,0,13.66666667,5.857142857,29200,28960,0,0,0,0,0,0,0,0,3771.856115,0,3771.856115,643.9754343,275.9894718,367.9859624,0.75,0,0,0,0,0,0,0,0,0,0,0,0,0,0,2,1,0,0,2,6,0,0,1,0,0,0,1,3,0,0,1,1,0,0,1,3,0,0,0.00181166,0.0027326,0.007898092,0.000104904,0.01086998,0.00341431,0.00368452,0.008624077,0.000723839,0.010242939,0.00538254,0.00313449,0.008517027,0.002248049,0.010765076,0,0,0,0,Port_Scan
172.16.0.1_45078_192.168.10.50_22_TCP_2017-07-07 13:15:14.650969,15:14.7,172.16.0.1,45078,192.168.10.50,22,TCP,0.010545969,7,4,3,41,0,41,41,0,5.85714286,14.34701135,205.8367347,41,0,5.85714286,14.34701135,0,41,0,5.85714286,14.34701135,373.5555556,240,40,32,34.28571429,3.61403161,136,40,32,34,3.46410162,104,40,32,34.66666667,3.77123617,0,13.66666667,5.857142857,29200,28960,0,0,0,0,0,0,0,0,3887.74137,0,3887.74137,663.7607216,284.4688807,379.2918409,0.75,0,0,0,0,0,0,0,0,0,0,0,0,0,0,2,1,0,0,2,6,0,0,1,0,0,0,1,3,0,0,1,1,0,0,1,3,0,0,0.00175766,0.00255516,0.007444143,9.70E-05,0.010545969,0.00330496,0.00344157,0.008172035,0.000855923,0.009914875,0.00522447,0.00300956,0.008234024,0.002214909,0.010448933,0,0,0,0,Port_Scan
172.16.0.1_60804_192.168.10.50_21_TCP_2017-07-07 13:15:14.650943,15:14.7,172.16.0.1,60804,192.168.10.50,21,TCP,0.087744951,7,4,3,20,0,20,20,0,2.85714286,6.99854212,48.97959184,20,0,2.85714286,6.99854212,0,20,0,2.85714286,6.99854212,88.88888889,240,40,32,34.28571429,3.61403161,136,40,32,34,3.46410162,104,40,32,34.66666667,3.77123617,0,6.666666667,2.857142857,29200,28960,0,0,0,0,0,0,0,0,227.9333422,0,227.9333422,79.77666977,34.19000133,45.58666844,0.75,0,0,0,0,0,0,0,0,0,0,0,0,0,0,2,1,0,0,2,6,0,0,1,0,0,0,1,3,0,0,1,1,0,0,1,3,0,0,0.01462416,0.03212236,0.0864501,9.54E-07,0.087744951,0.029217,0.04084559,0.086980104,9.54E-07,0.087651014,0.04383552,0.04321063,0.087046146,0.000624895,0.087671041,0,0,0,0,Port_Scan
172.16.0.1_60814_192.168.10.50_21_TCP_2017-07-07 13:15:26.315337,15:26.3,172.16.0.1,60814,192.168.10.50,21,TCP,0.010652065,7,4,3,20,0,20,20,0,2.85714286,6.99854212,48.97959184,20,0,2.85714286,6.99854212,0,20,0,2.85714286,6.99854212,88.88888889,240,40,32,34.28571429,3.61403161,136,40,32,34,3.46410162,104,40,32,34.66666667,3.77123617,0,6.666666667,2.857142857,29200,28960,0,0,0,0,0,0,0,0,1877.570169,0,1877.570169,657.1495591,281.6355253,375.5140338,0.75,0,0,0,0,0,0,0,0,0,0,0,0,0,0,2,1,0,0,2,6,0,0,1,0,0,0,1,3,0,0,1,1,0,0,1,3,0,0,0.00177534,0.00316994,0.008843899,8.70E-05,0.010652065,0.00352168,0.0042917,0.009585857,0.000272036,0.010565042,0.00526404,0.00416303,0.009427071,0.001101017,0.010528088,0,0,0,0,Port_Scan
172.16.0.1_45088_192.168.10.50_22_TCP_2017-07-07 13:15:26.315357,15:26.3,172.16.0.1,45088,192.168.10.50,22,TCP,0.029407024,7,4,3,41,0,41,41,0,5.85714286,14.34701135,205.8367347,41,0,5.85714286,14.34701135,0,41,0,5.85714286,14.34701135,373.5555556,240,40,32,34.28571429,3.61403161,136,40,32,34,3.46410162,104,40,32,34.66666667,3.77123617,0,13.66666667,5.857142857,29200,28960,0,0,0,0,0,0,0,0,1394.224709,0,1394.224709,238.0383649,102.0164421,136.0219228,0.75,0,0,0,0,0,0,0,0,0,0,0,0,0,0,2,1,0,0,2,6,0,0,1,0,0,0,1,3,0,0,1,1,0,0,1,3,0,0,0.00490117,0.00922551,0.02551198,0.00010705,0.029407024,0.00942334,0.01190713,0.026258945,0.000703096,0.028270006,0.01464999,0.01145804,0.026108027,0.003191948,0.029299974,0,0,0,0,Port_Scan
172.16.0.1_45098_192.168.10.50_22_TCP_2017-07-07 13:15:37.400640,15:37.4,172.16.0.1,45098,192.168.10.50,22,TCP,0.010755062,8,4,4,41,0,41,41,0,5.125,13.55947547,183.859375,41,0,5.125,13.55947547,0,41,0,5.125,13.55947547,315.1875,272,40,32,34,3.46410162,136,40,32,34,3.46410162,136,40,32,34,3.46410162,0,10.25,5.125,29200,28960,0,0,0,0,0,0,0,0,3812.158368,0,3812.158368,743.8357792,371.9178896,371.9178896,1,0,0,0,0,0,0,0,0,0,0,0,0,0,0,2,1,0,0,2,7,0,0,1,0,0,0,1,3,0,0,1,1,0,0,1,4,0,0,0.00153644,0.00253868,0.007701874,9.51E-05,0.010755062,0.00336663,0.00344525,0.008229971,0.000679016,0.010099888,0.003534,0.00335829,0.008227825,0.000560045,0.010601997,0,0,0,0,Port_Scan
172.16.0.1_60824_192.168.10.50_21_TCP_2017-07-07 13:15:37.400657,15:37.4,172.16.0.1,60824,192.168.10.50,21,TCP,0.022700071,7,4,3,20,0,20,20,0,2.85714286,6.99854212,48.97959184,20,0,2.85714286,6.99854212,0,20,0,2.85714286,6.99854212,88.88888889,240,40,32,34.28571429,3.61403161,136,40,32,34,3.46410162,104,40,32,34.66666667,3.77123617,0,6.666666667,2.857142857,29200,28960,0,0,0,0,0,0,0,0,881.0545,0,881.0545,308.369075,132.158175,176.2109,0.75,0,0,0,0,0,0,0,0,0,0,0,0,0,0,2,1,0,0,2,6,0,0,1,0,0,0,1,3,0,0,1,1,0,0,1,3,0,0,0.00378335,0.00779903,0.021211147,3.81E-06,0.022700071,0.00754698,0.01018697,0.021948099,3.81E-06,0.022640944,0.01130748,0.01050758,0.021815062,0.000799894,0.022614956,0,0,0,0,Port_Scan
172.16.0.1_60834_192.168.10.50_21_TCP_2017-07-07 13:15:49.060756,15:49.1,172.16.0.1,60834,192.168.10.50,21,TCP,0.004323959,7,4,3,20,0,20,20,0,2.85714286,6.99854212,48.97959184,20,0,2.85714286,6.99854212,0,20,0,2.85714286,6.99854212,88.88888889,240,40,32,34.28571429,3.61403161,136,40,32,34,3.46410162,104,40,32,34.66666667,3.77123617,0,6.666666667,2.857142857,29200,28960,0,0,0,0,0,0,0,0,4625.390384,0,4625.390384,1618.886634,693.8085576,925.0780768,0.75,0,0,0,0,0,0,0,0,0,0,0,0,0,0,2,1,0,0,2,6,0,0,1,0,0,0,1,3,0,0,1,1,0,0,1,3,0,0,0.00072066,0.00093404,0.002722979,4.05E-06,0.004323959,0.00140834,0.00148628,0.003464937,4.05E-06,0.004225016,0.00207901,0.00123405,0.003313065,0.000844955,0.00415802,0,0,0,0,Port_Scan
172.16.0.1_45108_192.168.10.50_22_TCP_2017-07-07 13:15:49.060748,15:49.1,172.16.0.1,45108,192.168.10.50,22,TCP,0.01064992,8,4,4,41,0,41,41,0,5.125,13.55947547,183.859375,41,0,5.125,13.55947547,0,41,0,5.125,13.55947547,315.1875,272,40,32,34,3.46410162,136,40,32,34,3.46410162,136,40,32,34,3.46410162,0,10.25,5.125,29200,28960,0,0,0,0,0,0,0,0,3849.794354,0,3849.794354,751.1793862,375.5896931,375.5896931,1,0,0,0,0,0,0,0,0,0,0,0,0,0,0,2,1,0,0,2,7,0,0,1,0,0,0,1,3,0,0,1,1,0,0,1,4,0,0,0.00152142,0.00253683,0.00769496,9.11E-05,0.01064992,0.00333293,0.00345789,0.008219957,0.000736952,0.009998798,0.00349569,0.00340492,0.008269072,0.000560045,0.01048708,0,0,0,0,Port_Scan
172.16.0.1_60846_192.168.10.50_21_TCP_2017-07-07 13:16:00.800747,16:00.8,172.16.0.1,60846,192.168.10.50,21,TCP,0.004322052,7,4,3,20,0,20,20,0,2.85714286,6.99854212,48.97959184,20,0,2.85714286,6.99854212,0,20,0,2.85714286,6.99854212,88.88888889,240,40,32,34.28571429,3.61403161,136,40,32,34,3.46410162,104,40,32,34.66666667,3.77123617,0,6.666666667,2.857142857,29200,28960,0,0,0,0,0,0,0,0,4627.431598,0,4627.431598,1619.601059,694.1147396,925.4863195,0.75,0,0,0,0,0,0,0,0,0,0,0,0,0,0,2,1,0,0,2,6,0,0,1,0,0,0,1,3,0,0,1,1,0,0,1,3,0,0,0.00072034,0.00085384,0.002573967,7.30E-05,0.004322052,0.00141637,0.00121649,0.003129005,0.000418901,0.004249096,0.00211203,0.00106514,0.003177166,0.001046896,0.004224062,0,0,0,0,Port_Scan
172.16.0.1_45120_192.168.10.50_22_TCP_2017-07-07 13:16:00.800769,16:00.8,172.16.0.1,45120,192.168.10.50,22,TCP,0.010632992,8,4,4,41,0,41,41,0,5.125,13.55947547,183.859375,41,0,5.125,13.55947547,0,41,0,5.125,13.55947547,315.1875,272,40,32,34,3.46410162,136,40,32,34,3.46410162,136,40,32,34,3.46410162,0,10.25,5.125,29200,28960,0,0,0,0,0,0,0,0,3855.923225,0,3855.923225,752.3752635,376.1876317,376.1876317,1,0,0,0,0,0,0,0,0,0,0,0,0,0,0,2,1,0,0,2,7,0,0,1,0,0,0,1,3,0,0,1,1,0,0,1,4,0,0,0.001519,0.00257448,0.00779295,5.70E-05,0.010632992,0.003335,0.00366657,0.008519888,0.000684977,0.010004997,0.00349871,0.00344895,0.008341074,0.000571012,0.01049614,0,0,0,0,Port_Scan
172.16.0.1_35652_192.168.10.50_80_TCP_2017-07-07 13:16:00.800790,16:00.8,172.16.0.1,35652,192.168.10.50,80,TCP,3.296895981,5,3,2,0,0,0,0,0,0,0,0,0,0,0,0,0,0,0,0,0,0,176,40,32,35.2,3.91918359,104,40,32,34.66666667,3.77123617,72,40,32,36,4,0,0,0,29200,28960,0,0,0,0,0,0,0,0,0,0,0,1.516578026,0.606631211,0.909946816,0.666666667,0,0,0,0,0,0,0,0,0,0,0,0,0,0,2,0,0,0,2,4,0,0,1,0,0,0,1,2,0,0,1,0,0,0,1,2,0,0,0.824224,1.42708454,3.296006918,0.000138044,3.296895981,1.64833546,1.64767146,3.296006918,0.000663996,3.296670914,3.29675794,0,3.296757936,3.296757936,3.296757936,3,2,0,0,Port_Scan
172.16.0.1_35952_192.168.10.50_80_TCP_2017-07-07 13:51:12.347477,51:12.3,172.16.0.1,35952,192.168.10.50,80,TCP,1.840034008,10,6,4,3855,330,3525,3525,0,385.5,1051.114765,1104842.25,3525,0,385.5,1051.114765,15125,3525,0,385.5,1051.114765,2329804.688,336,40,32,33.6,3.2,200,40,32,33.33333333,2.98142397,136,40,32,34,3.46410162,55,881.25,385.5,29200,28960,0,0,0,0,0,0,0,0,2095.069973,179.3445113,1915.725462,5.434682162,2.173872865,3.260809297,0.666666667,0,0,0,0,0,0,0,0,0,0,0,0,0,0,2,2,0,0,2,9,0,0,1,1,0,0,1,5,0,0,1,1,0,0,1,4,0,0,0.20444822,0.57718262,1.836966991,4.05E-06,1.840034008,0.36798081,0.73449328,1.836966991,4.05E-06,1.83990407,0.61330231,0.86614196,1.838212013,0.000836849,1.839906931,6,4,330,330,Port_Scan
172.16.0.1_35954_192.168.10.50_80_TCP_2017-07-07 13:51:14.185907,51:14.2,172.16.0.1,35954,192.168.10.50,80,TCP,0.001597166,5,3,2,0,0,0,0,0,0,0,0,0,0,0,0,0,0,0,0,0,0,176,40,32,35.2,3.91918359,104,40,32,34.66666667,3.77123617,72,40,32,36,4,0,0,0,29200,28960,0,0,0,0,0,0,0,0,0,0,0,3130.544857,1252.217943,1878.326914,0.666666667,0,0,0,0,0,0,0,0,0,0,0,0,0,0,2,0,0,0,2,4,0,0,1,0,0,0,1,2,0,0,1,0,0,0,1,2,0,0,0.00039929,0.00029275,0.000773191,9.70E-05,0.001597166,0.00073361,0.00013661,0.000870228,0.000597,0.001467228,0.00150013,0,0.00150013,0.00150013,0.00150013,0,0,0,0,Port_Scan
172.16.0.1_35958_192.168.10.50_80_TCP_2017-07-07 13:51:14.188044,51:14.2,172.16.0.1,35958,192.168.10.50,80,TCP,5.161535978,5,3,2,0,0,0,0,0,0,0,0,0,0,0,0,0,0,0,0,0,0,176,40,32,35.2,3.91918359,104,40,32,34.66666667,3.77123617,72,40,32,36,4,0,0,0,29200,28960,0,0,0,0,0,0,0,0,0,0,0,0.968703894,0.387481558,0.581222336,0.666666667,0,0,0,0,0,0,0,0,0,0,0,0,0,0,2,0,0,0,2,4,0,0,1,0,0,0,1,2,0,0,1,0,0,0,1,2,0,0,1.29038399,2.23440499,5.160486937,5.98E-05,5.161535978,2.58064246,2.57984447,5.160486937,0.000797987,5.161284924,5.16147614,0,5.161476135,5.161476135,5.161476135,3,2,0,0,Port_Scan
172.16.0.1_35956_192.168.10.50_80_TCP_2017-07-07 13:51:14.188025,51:14.2,172.16.0.1,35956,192.168.10.50,80,TCP,9.605611086,20,11,9,10031,1473,8558,2175,0,501.55,706.3559637,498938.7475,2175,0,501.55,706.3559637,31512.26446,2175,0,501.55,706.3559637,703136.9877,656,40,32,32.8,2.4,360,40,32,32.72727273,2.2998383,296,40,32,32.88888889,2.51415744,133.9090909,950.8888889,501.55,29200,28960,0,0,0,0,0,0,0,0,1044.285461,153.34787,890.9375909,2.082116361,0.936952362,1.145163999,0.818181818,0,0,0,0,0,0,0,0,0,0,0,0,0,0,2,8,0,0,2,19,0,0,1,4,0,0,1,10,0,0,1,4,0,0,1,9,0,0,0.50555848,1.45951382,4.966459036,1.81E-05,9.605611086,0.96056111,1.9002165,4.966977119,0.000244141,9.605611086,1.20063436,2.0676015,5.005148888,5.01E-05,9.605074883,5.5,4.5,736.5,736.5,Port_Scan
192.168.10.50_2003_172.16.0.1_59478_TCP_2017-07-07 13:51:45.466285,51:45.5,192.168.10.50,2003,172.16.0.1,59478,TCP,0,1,1,0,0,0,0,0,0,0,0,0,0,0,0,0,0,0,0,0,0,0,20,20,20,20,0,20,20,20,20,0,0,0,0,0,0,0,0,0,0,0,0,0,0,0,0,0,0,0,0,0,0,0,0,0,0,0,0,0,0,0,0,0,0,0,0,0,0,0,0,0,0,0,0,0,1,0,1,0,0,0,0,0,1,0,1,0,0,0,0,0,0,0,0,1499449905,0,1499449905,1499449905,1499449905,1499449905,0,1499449905,1499449905,1499449905,0,0,0,0,0,0,0,0,0,Port_Scan
192.168.10.50_1081_172.16.0.1_59478_TCP_2017-07-07 13:51:45.466360,51:45.5,192.168.10.50,1081,172.16.0.1,59478,TCP,0,1,1,0,0,0,0,0,0,0,0,0,0,0,0,0,0,0,0,0,0,0,20,20,20,20,0,20,20,20,20,0,0,0,0,0,0,0,0,0,0,0,0,0,0,0,0,0,0,0,0,0,0,0,0,0,0,0,0,0,0,0,0,0,0,0,0,0,0,0,0,0,0,0,0,0,1,0,1,0,0,0,0,0,1,0,1,0,0,0,0,0,0,0,0,1499449905,0,1499449905,1499449905,1499449905,1499449905,0,1499449905,1499449905,1499449905,0,0,0,0,0,0,0,0,0,Port_Scan
192.168.10.50_1106_172.16.0.1_59478_TCP_2017-07-07 13:51:45.466453,51:45.5,192.168.10.50,1106,172.16.0.1,59478,TCP,0,1,1,0,0,0,0,0,0,0,0,0,0,0,0,0,0,0,0,0,0,0,20,20,20,20,0,20,20,20,20,0,0,0,0,0,0,0,0,0,0,0,0,0,0,0,0,0,0,0,0,0,0,0,0,0,0,0,0,0,0,0,0,0,0,0,0,0,0,0,0,0,0,0,0,0,1,0,1,0,0,0,0,0,1,0,1,0,0,0,0,0,0,0,0,1499449905,0,1499449905,1499449905,1499449905,1499449905,0,1499449905,1499449905,1499449905,0,0,0,0,0,0,0,0,0,Port_Scan
192.168.10.50_2049_172.16.0.1_59478_TCP_2017-07-07 13:51:45.470235,51:45.5,192.168.10.50,2049,172.16.0.1,59478,TCP,0,1,1,0,0,0,0,0,0,0,0,0,0,0,0,0,0,0,0,0,0,0,20,20,20,20,0,20,20,20,20,0,0,0,0,0,0,0,0,0,0,0,0,0,0,0,0,0,0,0,0,0,0,0,0,0,0,0,0,0,0,0,0,0,0,0,0,0,0,0,0,0,0,0,0,0,1,0,1,0,0,0,0,0,1,0,1,0,0,0,0,0,0,0,0,1499449905,0,1499449905,1499449905,1499449905,1499449905,0,1499449905,1499449905,1499449905,0,0,0,0,0,0,0,0,0,Port_Scan
192.168.10.50_1065_172.16.0.1_59478_TCP_2017-07-07 13:51:45.484040,51:45.5,192.168.10.50,1065,172.16.0.1,59478,TCP,0,1,1,0,0,0,0,0,0,0,0,0,0,0,0,0,0,0,0,0,0,0,20,20,20,20,0,20,20,20,20,0,0,0,0,0,0,0,0,0,0,0,0,0,0,0,0,0,0,0,0,0,0,0,0,0,0,0,0,0,0,0,0,0,0,0,0,0,0,0,0,0,0,0,0,0,1,0,1,0,0,0,0,0,1,0,1,0,0,0,0,0,0,0,0,1499449905,0,1499449905,1499449905,1499449905,1499449905,0,1499449905,1499449905,1499449905,0,0,0,0,0,0,0,0,0,Port_Scan
192.168.10.50_3737_172.16.0.1_59478_TCP_2017-07-07 13:51:45.491762,51:45.5,192.168.10.50,3737,172.16.0.1,59478,TCP,0,1,1,0,0,0,0,0,0,0,0,0,0,0,0,0,0,0,0,0,0,0,20,20,20,20,0,20,20,20,20,0,0,0,0,0,0,0,0,0,0,0,0,0,0,0,0,0,0,0,0,0,0,0,0,0,0,0,0,0,0,0,0,0,0,0,0,0,0,0,0,0,0,0,0,0,1,0,1,0,0,0,0,0,1,0,1,0,0,0,0,0,0,0,0,1499449905,0,1499449905,1499449905,1499449905,1499449905,0,1499449905,1499449905,1499449905,0,0,0,0,0,0,0,0,0,Port_Scan
192.168.10.50_8022_172.16.0.1_59478_TCP_2017-07-07 13:51:45.511275,51:45.5,192.168.10.50,8022,172.16.0.1,59478,TCP,0,1,1,0,0,0,0,0,0,0,0,0,0,0,0,0,0,0,0,0,0,0,20,20,20,20,0,20,20,20,20,0,0,0,0,0,0,0,0,0,0,0,0,0,0,0,0,0,0,0,0,0,0,0,0,0,0,0,0,0,0,0,0,0,0,0,0,0,0,0,0,0,0,0,0,0,1,0,1,0,0,0,0,0,1,0,1,0,0,0,0,0,0,0,0,1499449906,0,1499449906,1499449906,1499449906,1499449906,0,1499449906,1499449906,1499449906,0,0,0,0,0,0,0,0,0,Port_Scan
192.168.10.50_24_172.16.0.1_59478_TCP_2017-07-07 13:51:45.541484,51:45.5,192.168.10.50,24,172.16.0.1,59478,TCP,0,1,1,0,0,0,0,0,0,0,0,0,0,0,0,0,0,0,0,0,0,0,20,20,20,20,0,20,20,20,20,0,0,0,0,0,0,0,0,0,0,0,0,0,0,0,0,0,0,0,0,0,0,0,0,0,0,0,0,0,0,0,0,0,0,0,0,0,0,0,0,0,0,0,0,0,1,0,1,0,0,0,0,0,1,0,1,0,0,0,0,0,0,0,0,1499449906,0,1499449906,1499449906,1499449906,1499449906,0,1499449906,1499449906,1499449906,0,0,0,0,0,0,0,0,0,Port_Scan
192.168.10.50_4002_172.16.0.1_45371_TCP_2017-07-07 13:51:46.857156,51:46.9,192.168.10.50,4002,172.16.0.1,45371,TCP,0,1,1,0,0,0,0,0,0,0,0,0,0,0,0,0,0,0,0,0,0,0,20,20,20,20,0,20,20,20,20,0,0,0,0,0,0,0,0,0,0,0,0,0,0,0,0,0,0,0,0,0,0,0,0,0,0,0,0,0,0,0,0,0,0,0,0,0,0,0,0,0,0,0,0,0,1,0,1,0,0,0,0,0,1,0,1,0,0,0,0,0,0,0,0,1499449907,0,1499449907,1499449907,1499449907,1499449907,0,1499449907,1499449907,1499449907,0,0,0,0,0,0,0,0,0,Port_Scan
192.168.10.50_9593_172.16.0.1_45371_TCP_2017-07-07 13:51:46.896393,51:46.9,192.168.10.50,9593,172.16.0.1,45371,TCP,0,1,1,0,0,0,0,0,0,0,0,0,0,0,0,0,0,0,0,0,0,0,20,20,20,20,0,20,20,20,20,0,0,0,0,0,0,0,0,0,0,0,0,0,0,0,0,0,0,0,0,0,0,0,0,0,0,0,0,0,0,0,0,0,0,0,0,0,0,0,0,0,0,0,0,0,1,0,1,0,0,0,0,0,1,0,1,0,0,0,0,0,0,0,0,1499449907,0,1499449907,1499449907,1499449907,1499449907,0,1499449907,1499449907,1499449907,0,0,0,0,0,0,0,0,0,Port_Scan
192.168.10.50_2196_172.16.0.1_45371_TCP_2017-07-07 13:51:46.897327,51:46.9,192.168.10.50,2196,172.16.0.1,45371,TCP,0,1,1,0,0,0,0,0,0,0,0,0,0,0,0,0,0,0,0,0,0,0,20,20,20,20,0,20,20,20,20,0,0,0,0,0,0,0,0,0,0,0,0,0,0,0,0,0,0,0,0,0,0,0,0,0,0,0,0,0,0,0,0,0,0,0,0,0,0,0,0,0,0,0,0,0,1,0,1,0,0,0,0,0,1,0,1,0,0,0,0,0,0,0,0,1499449907,0,1499449907,1499449907,1499449907,1499449907,0,1499449907,1499449907,1499449907,0,0,0,0,0,0,0,0,0,Port_Scan
192.168.10.50_749_172.16.0.1_45002_TCP_2017-07-07 13:51:48.192527,51:48.2,192.168.10.50,749,172.16.0.1,45002,TCP,0,1,1,0,0,0,0,0,0,0,0,0,0,0,0,0,0,0,0,0,0,0,20,20,20,20,0,20,20,20,20,0,0,0,0,0,0,0,0,0,0,0,0,0,0,0,0,0,0,0,0,0,0,0,0,0,0,0,0,0,0,0,0,0,0,0,0,0,0,0,0,0,0,0,0,0,1,0,1,0,0,0,0,0,1,0,1,0,0,0,0,0,0,0,0,1499449908,0,1499449908,1499449908,1499449908,1499449908,0,1499449908,1499449908,1499449908,0,0,0,0,0,0,0,0,0,Port_Scan
192.168.10.50_5877_172.16.0.1_45002_TCP_2017-07-07 13:51:48.209140,51:48.2,192.168.10.50,5877,172.16.0.1,45002,TCP,0,1,1,0,0,0,0,0,0,0,0,0,0,0,0,0,0,0,0,0,0,0,20,20,20,20,0,20,20,20,20,0,0,0,0,0,0,0,0,0,0,0,0,0,0,0,0,0,0,0,0,0,0,0,0,0,0,0,0,0,0,0,0,0,0,0,0,0,0,0,0,0,0,0,0,0,1,0,1,0,0,0,0,0,1,0,1,0,0,0,0,0,0,0,0,1499449908,0,1499449908,1499449908,1499449908,1499449908,0,1499449908,1499449908,1499449908,0,0,0,0,0,0,0,0,0,Port_Scan
192.168.10.50_8300_172.16.0.1_45002_TCP_2017-07-07 13:51:48.249221,51:48.2,192.168.10.50,8300,172.16.0.1,45002,TCP,0,1,1,0,0,0,0,0,0,0,0,0,0,0,0,0,0,0,0,0,0,0,20,20,20,20,0,20,20,20,20,0,0,0,0,0,0,0,0,0,0,0,0,0,0,0,0,0,0,0,0,0,0,0,0,0,0,0,0,0,0,0,0,0,0,0,0,0,0,0,0,0,0,0,0,0,1,0,1,0,0,0,0,0,1,0,1,0,0,0,0,0,0,0,0,1499449908,0,1499449908,1499449908,1499449908,1499449908,0,1499449908,1499449908,1499449908,0,0,0,0,0,0,0,0,0,Port_Scan
192.168.10.50_1719_172.16.0.1_45002_TCP_2017-07-07 13:51:48.253192,51:48.3,192.168.10.50,1719,172.16.0.1,45002,TCP,0,1,1,0,0,0,0,0,0,0,0,0,0,0,0,0,0,0,0,0,0,0,20,20,20,20,0,20,20,20,20,0,0,0,0,0,0,0,0,0,0,0,0,0,0,0,0,0,0,0,0,0,0,0,0,0,0,0,0,0,0,0,0,0,0,0,0,0,0,0,0,0,0,0,0,0,1,0,1,0,0,0,0,0,1,0,1,0,0,0,0,0,0,0,0,1499449908,0,1499449908,1499449908,1499449908,1499449908,0,1499449908,1499449908,1499449908,0,0,0,0,0,0,0,0,0,Port_Scan
192.168.10.50_7676_172.16.0.1_55191_TCP_2017-07-07 13:51:49.573489,51:49.6,192.168.10.50,7676,172.16.0.1,55191,TCP,0,1,1,0,0,0,0,0,0,0,0,0,0,0,0,0,0,0,0,0,0,0,20,20,20,20,0,20,20,20,20,0,0,0,0,0,0,0,0,0,0,0,0,0,0,0,0,0,0,0,0,0,0,0,0,0,0,0,0,0,0,0,0,0,0,0,0,0,0,0,0,0,0,0,0,0,1,0,1,0,0,0,0,0,1,0,1,0,0,0,0,0,0,0,0,1499449910,0,1499449910,1499449910,1499449910,1499449910,0,1499449910,1499449910,1499449910,0,0,0,0,0,0,0,0,0,Port_Scan
192.168.10.50_1301_172.16.0.1_55191_TCP_2017-07-07 13:51:49.630710,51:49.6,192.168.10.50,1301,172.16.0.1,55191,TCP,0,1,1,0,0,0,0,0,0,0,0,0,0,0,0,0,0,0,0,0,0,0,20,20,20,20,0,20,20,20,20,0,0,0,0,0,0,0,0,0,0,0,0,0,0,0,0,0,0,0,0,0,0,0,0,0,0,0,0,0,0,0,0,0,0,0,0,0,0,0,0,0,0,0,0,0,1,0,1,0,0,0,0,0,1,0,1,0,0,0,0,0,0,0,0,1499449910,0,1499449910,1499449910,1499449910,1499449910,0,1499449910,1499449910,1499449910,0,0,0,0,0,0,0,0,0,Port_Scan
192.168.10.50_179_172.16.0.1_55191_TCP_2017-07-07 13:51:49.634702,51:49.6,192.168.10.50,179,172.16.0.1,55191,TCP,0,1,1,0,0,0,0,0,0,0,0,0,0,0,0,0,0,0,0,0,0,0,20,20,20,20,0,20,20,20,20,0,0,0,0,0,0,0,0,0,0,0,0,0,0,0,0,0,0,0,0,0,0,0,0,0,0,0,0,0,0,0,0,0,0,0,0,0,0,0,0,0,0,0,0,0,1,0,1,0,0,0,0,0,1,0,1,0,0,0,0,0,0,0,0,1499449910,0,1499449910,1499449910,1499449910,1499449910,0,1499449910,1499449910,1499449910,0,0,0,0,0,0,0,0,0,Port_Scan
192.168.10.50_9011_172.16.0.1_42784_TCP_2017-07-07 13:51:50.937780,51:50.9,192.168.10.50,9011,172.16.0.1,42784,TCP,0,1,1,0,0,0,0,0,0,0,0,0,0,0,0,0,0,0,0,0,0,0,20,20,20,20,0,20,20,20,20,0,0,0,0,0,0,0,0,0,0,0,0,0,0,0,0,0,0,0,0,0,0,0,0,0,0,0,0,0,0,0,0,0,0,0,0,0,0,0,0,0,0,0,0,0,1,0,1,0,0,0,0,0,1,0,1,0,0,0,0,0,0,0,0,1499449911,0,1499449911,1499449911,1499449911,1499449911,0,1499449911,1499449911,1499449911,0,0,0,0,0,0,0,0,0,Port_Scan
192.168.10.50_5988_172.16.0.1_42784_TCP_2017-07-07 13:51:50.946092,51:50.9,192.168.10.50,5988,172.16.0.1,42784,TCP,0,1,1,0,0,0,0,0,0,0,0,0,0,0,0,0,0,0,0,0,0,0,20,20,20,20,0,20,20,20,20,0,0,0,0,0,0,0,0,0,0,0,0,0,0,0,0,0,0,0,0,0,0,0,0,0,0,0,0,0,0,0,0,0,0,0,0,0,0,0,0,0,0,0,0,0,1,0,1,0,0,0,0,0,1,0,1,0,0,0,0,0,0,0,0,1499449911,0,1499449911,1499449911,1499449911,1499449911,0,1499449911,1499449911,1499449911,0,0,0,0,0,0,0,0,0,Port_Scan
192.168.10.50_9943_172.16.0.1_42784_TCP_2017-07-07 13:51:50.946237,51:50.9,192.168.10.50,9943,172.16.0.1,42784,TCP,0,1,1,0,0,0,0,0,0,0,0,0,0,0,0,0,0,0,0,0,0,0,20,20,20,20,0,20,20,20,20,0,0,0,0,0,0,0,0,0,0,0,0,0,0,0,0,0,0,0,0,0,0,0,0,0,0,0,0,0,0,0,0,0,0,0,0,0,0,0,0,0,0,0,0,0,1,0,1,0,0,0,0,0,1,0,1,0,0,0,0,0,0,0,0,1499449911,0,1499449911,1499449911,1499449911,1499449911,0,1499449911,1499449911,1499449911,0,0,0,0,0,0,0,0,0,Port_Scan
192.168.10.50_1114_172.16.0.1_42784_TCP_2017-07-07 13:51:50.960832,51:51.0,192.168.10.50,1114,172.16.0.1,42784,TCP,0,1,1,0,0,0,0,0,0,0,0,0,0,0,0,0,0,0,0,0,0,0,20,20,20,20,0,20,20,20,20,0,0,0,0,0,0,0,0,0,0,0,0,0,0,0,0,0,0,0,0,0,0,0,0,0,0,0,0,0,0,0,0,0,0,0,0,0,0,0,0,0,0,0,0,0,1,0,1,0,0,0,0,0,1,0,1,0,0,0,0,0,0,0,0,1499449911,0,1499449911,1499449911,1499449911,1499449911,0,1499449911,1499449911,1499449911,0,0,0,0,0,0,0,0,0,Port_Scan
192.168.10.50_11111_172.16.0.1_42784_TCP_2017-07-07 13:51:50.983668,51:51.0,192.168.10.50,11111,172.16.0.1,42784,TCP,0,1,1,0,0,0,0,0,0,0,0,0,0,0,0,0,0,0,0,0,0,0,20,20,20,20,0,20,20,20,20,0,0,0,0,0,0,0,0,0,0,0,0,0,0,0,0,0,0,0,0,0,0,0,0,0,0,0,0,0,0,0,0,0,0,0,0,0,0,0,0,0,0,0,0,0,1,0,1,0,0,0,0,0,1,0,1,0,0,0,0,0,0,0,0,1499449911,0,1499449911,1499449911,1499449911,1499449911,0,1499449911,1499449911,1499449911,0,0,0,0,0,0,0,0,0,Port_Scan
192.168.10.50_212_172.16.0.1_34025_TCP_2017-07-07 13:51:52.306150,51:52.3,192.168.10.50,212,172.16.0.1,34025,TCP,0,1,1,0,0,0,0,0,0,0,0,0,0,0,0,0,0,0,0,0,0,0,20,20,20,20,0,20,20,20,20,0,0,0,0,0,0,0,0,0,0,0,0,0,0,0,0,0,0,0,0,0,0,0,0,0,0,0,0,0,0,0,0,0,0,0,0,0,0,0,0,0,0,0,0,0,1,0,1,0,0,0,0,0,1,0,1,0,0,0,0,0,0,0,0,1499449912,0,1499449912,1499449912,1499449912,1499449912,0,1499449912,1499449912,1499449912,0,0,0,0,0,0,0,0,0,Port_Scan
192.168.10.50_1085_172.16.0.1_34025_TCP_2017-07-07 13:51:52.318307,51:52.3,192.168.10.50,1085,172.16.0.1,34025,TCP,0,1,1,0,0,0,0,0,0,0,0,0,0,0,0,0,0,0,0,0,0,0,20,20,20,20,0,20,20,20,20,0,0,0,0,0,0,0,0,0,0,0,0,0,0,0,0,0,0,0,0,0,0,0,0,0,0,0,0,0,0,0,0,0,0,0,0,0,0,0,0,0,0,0,0,0,1,0,1,0,0,0,0,0,1,0,1,0,0,0,0,0,0,0,0,1499449912,0,1499449912,1499449912,1499449912,1499449912,0,1499449912,1499449912,1499449912,0,0,0,0,0,0,0,0,0,Port_Scan
192.168.10.50_1001_172.16.0.1_34025_TCP_2017-07-07 13:51:52.350851,51:52.4,192.168.10.50,1001,172.16.0.1,34025,TCP,0,1,1,0,0,0,0,0,0,0,0,0,0,0,0,0,0,0,0,0,0,0,20,20,20,20,0,20,20,20,20,0,0,0,0,0,0,0,0,0,0,0,0,0,0,0,0,0,0,0,0,0,0,0,0,0,0,0,0,0,0,0,0,0,0,0,0,0,0,0,0,0,0,0,0,0,1,0,1,0,0,0,0,0,1,0,1,0,0,0,0,0,0,0,0,1499449912,0,1499449912,1499449912,1499449912,1499449912,0,1499449912,1499449912,1499449912,0,0,0,0,0,0,0,0,0,Port_Scan
192.168.10.50_8021_172.16.0.1_34025_TCP_2017-07-07 13:51:52.367997,51:52.4,192.168.10.50,8021,172.16.0.1,34025,TCP,0,1,1,0,0,0,0,0,0,0,0,0,0,0,0,0,0,0,0,0,0,0,20,20,20,20,0,20,20,20,20,0,0,0,0,0,0,0,0,0,0,0,0,0,0,0,0,0,0,0,0,0,0,0,0,0,0,0,0,0,0,0,0,0,0,0,0,0,0,0,0,0,0,0,0,0,1,0,1,0,0,0,0,0,1,0,1,0,0,0,0,0,0,0,0,1499449912,0,1499449912,1499449912,1499449912,1499449912,0,1499449912,1499449912,1499449912,0,0,0,0,0,0,0,0,0,Port_Scan
192.168.10.50_5431_172.16.0.1_43109_TCP_2017-07-07 13:51:53.716557,51:53.7,192.168.10.50,5431,172.16.0.1,43109,TCP,0,1,1,0,0,0,0,0,0,0,0,0,0,0,0,0,0,0,0,0,0,0,20,20,20,20,0,20,20,20,20,0,0,0,0,0,0,0,0,0,0,0,0,0,0,0,0,0,0,0,0,0,0,0,0,0,0,0,0,0,0,0,0,0,0,0,0,0,0,0,0,0,0,0,0,0,1,0,1,0,0,0,0,0,1,0,1,0,0,0,0,0,0,0,0,1499449914,0,1499449914,1499449914,1499449914,1499449914,0,1499449914,1499449914,1499449914,0,0,0,0,0,0,0,0,0,Port_Scan
192.168.10.50_83_172.16.0.1_43109_TCP_2017-07-07 13:51:53.742298,51:53.7,192.168.10.50,83,172.16.0.1,43109,TCP,0,1,1,0,0,0,0,0,0,0,0,0,0,0,0,0,0,0,0,0,0,0,20,20,20,20,0,20,20,20,20,0,0,0,0,0,0,0,0,0,0,0,0,0,0,0,0,0,0,0,0,0,0,0,0,0,0,0,0,0,0,0,0,0,0,0,0,0,0,0,0,0,0,0,0,0,1,0,1,0,0,0,0,0,1,0,1,0,0,0,0,0,0,0,0,1499449914,0,1499449914,1499449914,1499449914,1499449914,0,1499449914,1499449914,1499449914,0,0,0,0,0,0,0,0,0,Port_Scan
192.168.10.50_543_172.16.0.1_38444_TCP_2017-07-07 13:51:55.062900,51:55.1,192.168.10.50,543,172.16.0.1,38444,TCP,0,1,1,0,0,0,0,0,0,0,0,0,0,0,0,0,0,0,0,0,0,0,20,20,20,20,0,20,20,20,20,0,0,0,0,0,0,0,0,0,0,0,0,0,0,0,0,0,0,0,0,0,0,0,0,0,0,0,0,0,0,0,0,0,0,0,0,0,0,0,0,0,0,0,0,0,1,0,1,0,0,0,0,0,1,0,1,0,0,0,0,0,0,0,0,1499449915,0,1499449915,1499449915,1499449915,1499449915,0,1499449915,1499449915,1499449915,0,0,0,0,0,0,0,0,0,Port_Scan
192.168.10.50_13783_172.16.0.1_38444_TCP_2017-07-07 13:51:55.063388,51:55.1,192.168.10.50,13783,172.16.0.1,38444,TCP,0,1,1,0,0,0,0,0,0,0,0,0,0,0,0,0,0,0,0,0,0,0,20,20,20,20,0,20,20,20,20,0,0,0,0,0,0,0,0,0,0,0,0,0,0,0,0,0,0,0,0,0,0,0,0,0,0,0,0,0,0,0,0,0,0,0,0,0,0,0,0,0,0,0,0,0,1,0,1,0,0,0,0,0,1,0,1,0,0,0,0,0,0,0,0,1499449915,0,1499449915,1499449915,1499449915,1499449915,0,1499449915,1499449915,1499449915,0,0,0,0,0,0,0,0,0,Port_Scan
192.168.10.50_34572_172.16.0.1_38444_TCP_2017-07-07 13:51:55.081287,51:55.1,192.168.10.50,34572,172.16.0.1,38444,TCP,0,1,1,0,0,0,0,0,0,0,0,0,0,0,0,0,0,0,0,0,0,0,20,20,20,20,0,20,20,20,20,0,0,0,0,0,0,0,0,0,0,0,0,0,0,0,0,0,0,0,0,0,0,0,0,0,0,0,0,0,0,0,0,0,0,0,0,0,0,0,0,0,0,0,0,0,1,0,1,0,0,0,0,0,1,0,1,0,0,0,0,0,0,0,0,1499449915,0,1499449915,1499449915,1499449915,1499449915,0,1499449915,1499449915,1499449915,0,0,0,0,0,0,0,0,0,Port_Scan
192.168.10.50_3801_172.16.0.1_38444_TCP_2017-07-07 13:51:55.110545,51:55.1,192.168.10.50,3801,172.16.0.1,38444,TCP,0,1,1,0,0,0,0,0,0,0,0,0,0,0,0,0,0,0,0,0,0,0,20,20,20,20,0,20,20,20,20,0,0,0,0,0,0,0,0,0,0,0,0,0,0,0,0,0,0,0,0,0,0,0,0,0,0,0,0,0,0,0,0,0,0,0,0,0,0,0,0,0,0,0,0,0,1,0,1,0,0,0,0,0,1,0,1,0,0,0,0,0,0,0,0,1499449915,0,1499449915,1499449915,1499449915,1499449915,0,1499449915,1499449915,1499449915,0,0,0,0,0,0,0,0,0,Port_Scan
192.168.10.50_10617_172.16.0.1_38444_TCP_2017-07-07 13:51:55.120712,51:55.1,192.168.10.50,10617,172.16.0.1,38444,TCP,0,1,1,0,0,0,0,0,0,0,0,0,0,0,0,0,0,0,0,0,0,0,20,20,20,20,0,20,20,20,20,0,0,0,0,0,0,0,0,0,0,0,0,0,0,0,0,0,0,0,0,0,0,0,0,0,0,0,0,0,0,0,0,0,0,0,0,0,0,0,0,0,0,0,0,0,1,0,1,0,0,0,0,0,1,0,1,0,0,0,0,0,0,0,0,1499449915,0,1499449915,1499449915,1499449915,1499449915,0,1499449915,1499449915,1499449915,0,0,0,0,0,0,0,0,0,Port_Scan
192.168.10.50_264_172.16.0.1_38444_TCP_2017-07-07 13:51:55.128066,51:55.1,192.168.10.50,264,172.16.0.1,38444,TCP,0,1,1,0,0,0,0,0,0,0,0,0,0,0,0,0,0,0,0,0,0,0,20,20,20,20,0,20,20,20,20,0,0,0,0,0,0,0,0,0,0,0,0,0,0,0,0,0,0,0,0,0,0,0,0,0,0,0,0,0,0,0,0,0,0,0,0,0,0,0,0,0,0,0,0,0,1,0,1,0,0,0,0,0,1,0,1,0,0,0,0,0,0,0,0,1499449915,0,1499449915,1499449915,1499449915,1499449915,0,1499449915,1499449915,1499449915,0,0,0,0,0,0,0,0,0,Port_Scan
192.168.10.50_30000_172.16.0.1_62959_TCP_2017-07-07 13:51:56.413621,51:56.4,192.168.10.50,30000,172.16.0.1,62959,TCP,0,1,1,0,0,0,0,0,0,0,0,0,0,0,0,0,0,0,0,0,0,0,20,20,20,20,0,20,20,20,20,0,0,0,0,0,0,0,0,0,0,0,0,0,0,0,0,0,0,0,0,0,0,0,0,0,0,0,0,0,0,0,0,0,0,0,0,0,0,0,0,0,0,0,0,0,1,0,1,0,0,0,0,0,1,0,1,0,0,0,0,0,0,0,0,1499449916,0,1499449916,1499449916,1499449916,1499449916,0,1499449916,1499449916,1499449916,0,0,0,0,0,0,0,0,0,Port_Scan
192.168.10.50_541_172.16.0.1_62959_TCP_2017-07-07 13:51:56.457727,51:56.5,192.168.10.50,541,172.16.0.1,62959,TCP,0,1,1,0,0,0,0,0,0,0,0,0,0,0,0,0,0,0,0,0,0,0,20,20,20,20,0,20,20,20,20,0,0,0,0,0,0,0,0,0,0,0,0,0,0,0,0,0,0,0,0,0,0,0,0,0,0,0,0,0,0,0,0,0,0,0,0,0,0,0,0,0,0,0,0,0,1,0,1,0,0,0,0,0,1,0,1,0,0,0,0,0,0,0,0,1499449916,0,1499449916,1499449916,1499449916,1499449916,0,1499449916,1499449916,1499449916,0,0,0,0,0,0,0,0,0,Port_Scan
192.168.10.50_5959_172.16.0.1_62959_TCP_2017-07-07 13:51:56.462351,51:56.5,192.168.10.50,5959,172.16.0.1,62959,TCP,0,1,1,0,0,0,0,0,0,0,0,0,0,0,0,0,0,0,0,0,0,0,20,20,20,20,0,20,20,20,20,0,0,0,0,0,0,0,0,0,0,0,0,0,0,0,0,0,0,0,0,0,0,0,0,0,0,0,0,0,0,0,0,0,0,0,0,0,0,0,0,0,0,0,0,0,1,0,1,0,0,0,0,0,1,0,1,0,0,0,0,0,0,0,0,1499449916,0,1499449916,1499449916,1499449916,1499449916,0,1499449916,1499449916,1499449916,0,0,0,0,0,0,0,0,0,Port_Scan
192.168.10.50_85_172.16.0.1_62959_TCP_2017-07-07 13:51:56.468148,51:56.5,192.168.10.50,85,172.16.0.1,62959,TCP,0,1,1,0,0,0,0,0,0,0,0,0,0,0,0,0,0,0,0,0,0,0,20,20,20,20,0,20,20,20,20,0,0,0,0,0,0,0,0,0,0,0,0,0,0,0,0,0,0,0,0,0,0,0,0,0,0,0,0,0,0,0,0,0,0,0,0,0,0,0,0,0,0,0,0,0,1,0,1,0,0,0,0,0,1,0,1,0,0,0,0,0,0,0,0,1499449916,0,1499449916,1499449916,1499449916,1499449916,0,1499449916,1499449916,1499449916,0,0,0,0,0,0,0,0,0,Port_Scan
192.168.10.50_109_172.16.0.1_62959_TCP_2017-07-07 13:51:56.476355,51:56.5,192.168.10.50,109,172.16.0.1,62959,TCP,0,1,1,0,0,0,0,0,0,0,0,0,0,0,0,0,0,0,0,0,0,0,20,20,20,20,0,20,20,20,20,0,0,0,0,0,0,0,0,0,0,0,0,0,0,0,0,0,0,0,0,0,0,0,0,0,0,0,0,0,0,0,0,0,0,0,0,0,0,0,0,0,0,0,0,0,1,0,1,0,0,0,0,0,1,0,1,0,0,0,0,0,0,0,0,1499449916,0,1499449916,1499449916,1499449916,1499449916,0,1499449916,1499449916,1499449916,0,0,0,0,0,0,0,0,0,Port_Scan
192.168.10.50_9535_172.16.0.1_51887_TCP_2017-07-07 13:51:57.785233,51:57.8,192.168.10.50,9535,172.16.0.1,51887,TCP,0,1,1,0,0,0,0,0,0,0,0,0,0,0,0,0,0,0,0,0,0,0,20,20,20,20,0,20,20,20,20,0,0,0,0,0,0,0,0,0,0,0,0,0,0,0,0,0,0,0,0,0,0,0,0,0,0,0,0,0,0,0,0,0,0,0,0,0,0,0,0,0,0,0,0,0,1,0,1,0,0,0,0,0,1,0,1,0,0,0,0,0,0,0,0,1499449918,0,1499449918,1499449918,1499449918,1499449918,0,1499449918,1499449918,1499449918,0,0,0,0,0,0,0,0,0,Port_Scan
192.168.10.50_9111_172.16.0.1_51887_TCP_2017-07-07 13:51:57.804239,51:57.8,192.168.10.50,9111,172.16.0.1,51887,TCP,0,1,1,0,0,0,0,0,0,0,0,0,0,0,0,0,0,0,0,0,0,0,20,20,20,20,0,20,20,20,20,0,0,0,0,0,0,0,0,0,0,0,0,0,0,0,0,0,0,0,0,0,0,0,0,0,0,0,0,0,0,0,0,0,0,0,0,0,0,0,0,0,0,0,0,0,1,0,1,0,0,0,0,0,1,0,1,0,0,0,0,0,0,0,0,1499449918,0,1499449918,1499449918,1499449918,1499449918,0,1499449918,1499449918,1499449918,0,0,0,0,0,0,0,0,0,Port_Scan
192.168.10.50_1036_172.16.0.1_51887_TCP_2017-07-07 13:51:57.817154,51:57.8,192.168.10.50,1036,172.16.0.1,51887,TCP,0,1,1,0,0,0,0,0,0,0,0,0,0,0,0,0,0,0,0,0,0,0,20,20,20,20,0,20,20,20,20,0,0,0,0,0,0,0,0,0,0,0,0,0,0,0,0,0,0,0,0,0,0,0,0,0,0,0,0,0,0,0,0,0,0,0,0,0,0,0,0,0,0,0,0,0,1,0,1,0,0,0,0,0,1,0,1,0,0,0,0,0,0,0,0,1499449918,0,1499449918,1499449918,1499449918,1499449918,0,1499449918,1499449918,1499449918,0,0,0,0,0,0,0,0,0,Port_Scan
192.168.10.50_687_172.16.0.1_51887_TCP_2017-07-07 13:51:57.825178,51:57.8,192.168.10.50,687,172.16.0.1,51887,TCP,0,1,1,0,0,0,0,0,0,0,0,0,0,0,0,0,0,0,0,0,0,0,20,20,20,20,0,20,20,20,20,0,0,0,0,0,0,0,0,0,0,0,0,0,0,0,0,0,0,0,0,0,0,0,0,0,0,0,0,0,0,0,0,0,0,0,0,0,0,0,0,0,0,0,0,0,1,0,1,0,0,0,0,0,1,0,1,0,0,0,0,0,0,0,0,1499449918,0,1499449918,1499449918,1499449918,1499449918,0,1499449918,1499449918,1499449918,0,0,0,0,0,0,0,0,0,Port_Scan
192.168.10.50_6779_172.16.0.1_51887_TCP_2017-07-07 13:51:57.826331,51:57.8,192.168.10.50,6779,172.16.0.1,51887,TCP,0,1,1,0,0,0,0,0,0,0,0,0,0,0,0,0,0,0,0,0,0,0,20,20,20,20,0,20,20,20,20,0,0,0,0,0,0,0,0,0,0,0,0,0,0,0,0,0,0,0,0,0,0,0,0,0,0,0,0,0,0,0,0,0,0,0,0,0,0,0,0,0,0,0,0,0,1,0,1,0,0,0,0,0,1,0,1,0,0,0,0,0,0,0,0,1499449918,0,1499449918,1499449918,1499449918,1499449918,0,1499449918,1499449918,1499449918,0,0,0,0,0,0,0,0,0,Port_Scan
192.168.10.50_8021_172.16.0.1_51887_TCP_2017-07-07 13:51:57.830313,51:57.8,192.168.10.50,8021,172.16.0.1,51887,TCP,0,1,1,0,0,0,0,0,0,0,0,0,0,0,0,0,0,0,0,0,0,0,20,20,20,20,0,20,20,20,20,0,0,0,0,0,0,0,0,0,0,0,0,0,0,0,0,0,0,0,0,0,0,0,0,0,0,0,0,0,0,0,0,0,0,0,0,0,0,0,0,0,0,0,0,0,1,0,1,0,0,0,0,0,1,0,1,0,0,0,0,0,0,0,0,1499449918,0,1499449918,1499449918,1499449918,1499449918,0,1499449918,1499449918,1499449918,0,0,0,0,0,0,0,0,0,Port_Scan
192.168.10.50_5440_172.16.0.1_57689_TCP_2017-07-07 13:51:59.151363,51:59.2,192.168.10.50,5440,172.16.0.1,57689,TCP,0,1,1,0,0,0,0,0,0,0,0,0,0,0,0,0,0,0,0,0,0,0,20,20,20,20,0,20,20,20,20,0,0,0,0,0,0,0,0,0,0,0,0,0,0,0,0,0,0,0,0,0,0,0,0,0,0,0,0,0,0,0,0,0,0,0,0,0,0,0,0,0,0,0,0,0,1,0,1,0,0,0,0,0,1,0,1,0,0,0,0,0,0,0,0,1499449919,0,1499449919,1499449919,1499449919,1499449919,0,1499449919,1499449919,1499449919,0,0,0,0,0,0,0,0,0,Port_Scan
192.168.10.50_9917_172.16.0.1_57689_TCP_2017-07-07 13:51:59.184806,51:59.2,192.168.10.50,9917,172.16.0.1,57689,TCP,0,1,1,0,0,0,0,0,0,0,0,0,0,0,0,0,0,0,0,0,0,0,20,20,20,20,0,20,20,20,20,0,0,0,0,0,0,0,0,0,0,0,0,0,0,0,0,0,0,0,0,0,0,0,0,0,0,0,0,0,0,0,0,0,0,0,0,0,0,0,0,0,0,0,0,0,1,0,1,0,0,0,0,0,1,0,1,0,0,0,0,0,0,0,0,1499449919,0,1499449919,1499449919,1499449919,1499449919,0,1499449919,1499449919,1499449919,0,0,0,0,0,0,0,0,0,Port_Scan
192.168.10.50_2013_172.16.0.1_57689_TCP_2017-07-07 13:51:59.192164,51:59.2,192.168.10.50,2013,172.16.0.1,57689,TCP,0,1,1,0,0,0,0,0,0,0,0,0,0,0,0,0,0,0,0,0,0,0,20,20,20,20,0,20,20,20,20,0,0,0,0,0,0,0,0,0,0,0,0,0,0,0,0,0,0,0,0,0,0,0,0,0,0,0,0,0,0,0,0,0,0,0,0,0,0,0,0,0,0,0,0,0,1,0,1,0,0,0,0,0,1,0,1,0,0,0,0,0,0,0,0,1499449919,0,1499449919,1499449919,1499449919,1499449919,0,1499449919,1499449919,1499449919,0,0,0,0,0,0,0,0,0,Port_Scan
192.168.10.50_1081_172.16.0.1_57689_TCP_2017-07-07 13:51:59.216139,51:59.2,192.168.10.50,1081,172.16.0.1,57689,TCP,0,1,1,0,0,0,0,0,0,0,0,0,0,0,0,0,0,0,0,0,0,0,20,20,20,20,0,20,20,20,20,0,0,0,0,0,0,0,0,0,0,0,0,0,0,0,0,0,0,0,0,0,0,0,0,0,0,0,0,0,0,0,0,0,0,0,0,0,0,0,0,0,0,0,0,0,1,0,1,0,0,0,0,0,1,0,1,0,0,0,0,0,0,0,0,1499449919,0,1499449919,1499449919,1499449919,1499449919,0,1499449919,1499449919,1499449919,0,0,0,0,0,0,0,0,0,Port_Scan
192.168.10.50_125_172.16.0.1_57689_TCP_2017-07-07 13:51:59.228799,51:59.2,192.168.10.50,125,172.16.0.1,57689,TCP,0,1,1,0,0,0,0,0,0,0,0,0,0,0,0,0,0,0,0,0,0,0,20,20,20,20,0,20,20,20,20,0,0,0,0,0,0,0,0,0,0,0,0,0,0,0,0,0,0,0,0,0,0,0,0,0,0,0,0,0,0,0,0,0,0,0,0,0,0,0,0,0,0,0,0,0,1,0,1,0,0,0,0,0,1,0,1,0,0,0,0,0,0,0,0,1499449919,0,1499449919,1499449919,1499449919,1499449919,0,1499449919,1499449919,1499449919,0,0,0,0,0,0,0,0,0,Port_Scan
192.168.10.50_17988_172.16.0.1_51546_TCP_2017-07-07 13:52:00.522745,52:00.5,192.168.10.50,17988,172.16.0.1,51546,TCP,0,1,1,0,0,0,0,0,0,0,0,0,0,0,0,0,0,0,0,0,0,0,20,20,20,20,0,20,20,20,20,0,0,0,0,0,0,0,0,0,0,0,0,0,0,0,0,0,0,0,0,0,0,0,0,0,0,0,0,0,0,0,0,0,0,0,0,0,0,0,0,0,0,0,0,0,1,0,1,0,0,0,0,0,1,0,1,0,0,0,0,0,0,0,0,1499449921,0,1499449921,1499449921,1499449921,1499449921,0,1499449921,1499449921,1499449921,0,0,0,0,0,0,0,0,0,Port_Scan
192.168.10.50_16018_172.16.0.1_51546_TCP_2017-07-07 13:52:00.532263,52:00.5,192.168.10.50,16018,172.16.0.1,51546,TCP,0,1,1,0,0,0,0,0,0,0,0,0,0,0,0,0,0,0,0,0,0,0,20,20,20,20,0,20,20,20,20,0,0,0,0,0,0,0,0,0,0,0,0,0,0,0,0,0,0,0,0,0,0,0,0,0,0,0,0,0,0,0,0,0,0,0,0,0,0,0,0,0,0,0,0,0,1,0,1,0,0,0,0,0,1,0,1,0,0,0,0,0,0,0,0,1499449921,0,1499449921,1499449921,1499449921,1499449921,0,1499449921,1499449921,1499449921,0,0,0,0,0,0,0,0,0,Port_Scan
192.168.10.50_19283_172.16.0.1_51546_TCP_2017-07-07 13:52:00.549879,52:00.5,192.168.10.50,19283,172.16.0.1,51546,TCP,0,1,1,0,0,0,0,0,0,0,0,0,0,0,0,0,0,0,0,0,0,0,20,20,20,20,0,20,20,20,20,0,0,0,0,0,0,0,0,0,0,0,0,0,0,0,0,0,0,0,0,0,0,0,0,0,0,0,0,0,0,0,0,0,0,0,0,0,0,0,0,0,0,0,0,0,1,0,1,0,0,0,0,0,1,0,1,0,0,0,0,0,0,0,0,1499449921,0,1499449921,1499449921,1499449921,1499449921,0,1499449921,1499449921,1499449921,0,0,0,0,0,0,0,0,0,Port_Scan
192.168.10.50_1334_172.16.0.1_51546_TCP_2017-07-07 13:52:00.567717,52:00.6,192.168.10.50,1334,172.16.0.1,51546,TCP,0,1,1,0,0,0,0,0,0,0,0,0,0,0,0,0,0,0,0,0,0,0,20,20,20,20,0,20,20,20,20,0,0,0,0,0,0,0,0,0,0,0,0,0,0,0,0,0,0,0,0,0,0,0,0,0,0,0,0,0,0,0,0,0,0,0,0,0,0,0,0,0,0,0,0,0,1,0,1,0,0,0,0,0,1,0,1,0,0,0,0,0,0,0,0,1499449921,0,1499449921,1499449921,1499449921,1499449921,0,1499449921,1499449921,1499449921,0,0,0,0,0,0,0,0,0,Port_Scan
192.168.10.50_3300_172.16.0.1_51546_TCP_2017-07-07 13:52:00.573126,52:00.6,192.168.10.50,3300,172.16.0.1,51546,TCP,0,1,1,0,0,0,0,0,0,0,0,0,0,0,0,0,0,0,0,0,0,0,20,20,20,20,0,20,20,20,20,0,0,0,0,0,0,0,0,0,0,0,0,0,0,0,0,0,0,0,0,0,0,0,0,0,0,0,0,0,0,0,0,0,0,0,0,0,0,0,0,0,0,0,0,0,1,0,1,0,0,0,0,0,1,0,1,0,0,0,0,0,0,0,0,1499449921,0,1499449921,1499449921,1499449921,1499449921,0,1499449921,1499449921,1499449921,0,0,0,0,0,0,0,0,0,Port_Scan
192.168.10.50_3527_172.16.0.1_51546_TCP_2017-07-07 13:52:00.596387,52:00.6,192.168.10.50,3527,172.16.0.1,51546,TCP,0,1,1,0,0,0,0,0,0,0,0,0,0,0,0,0,0,0,0,0,0,0,20,20,20,20,0,20,20,20,20,0,0,0,0,0,0,0,0,0,0,0,0,0,0,0,0,0,0,0,0,0,0,0,0,0,0,0,0,0,0,0,0,0,0,0,0,0,0,0,0,0,0,0,0,0,1,0,1,0,0,0,0,0,1,0,1,0,0,0,0,0,0,0,0,1499449921,0,1499449921,1499449921,1499449921,1499449921,0,1499449921,1499449921,1499449921,0,0,0,0,0,0,0,0,0,Port_Scan
192.168.10.50_3945_172.16.0.1_51546_TCP_2017-07-07 13:52:00.600243,52:00.6,192.168.10.50,3945,172.16.0.1,51546,TCP,0,1,1,0,0,0,0,0,0,0,0,0,0,0,0,0,0,0,0,0,0,0,20,20,20,20,0,20,20,20,20,0,0,0,0,0,0,0,0,0,0,0,0,0,0,0,0,0,0,0,0,0,0,0,0,0,0,0,0,0,0,0,0,0,0,0,0,0,0,0,0,0,0,0,0,0,1,0,1,0,0,0,0,0,1,0,1,0,0,0,0,0,0,0,0,1499449921,0,1499449921,1499449921,1499449921,1499449921,0,1499449921,1499449921,1499449921,0,0,0,0,0,0,0,0,0,Port_Scan
192.168.10.50_1700_172.16.0.1_41653_TCP_2017-07-07 13:52:01.893391,52:01.9,192.168.10.50,1700,172.16.0.1,41653,TCP,0,1,1,0,0,0,0,0,0,0,0,0,0,0,0,0,0,0,0,0,0,0,20,20,20,20,0,20,20,20,20,0,0,0,0,0,0,0,0,0,0,0,0,0,0,0,0,0,0,0,0,0,0,0,0,0,0,0,0,0,0,0,0,0,0,0,0,0,0,0,0,0,0,0,0,0,1,0,1,0,0,0,0,0,1,0,1,0,0,0,0,0,0,0,0,1499449922,0,1499449922,1499449922,1499449922,1499449922,0,1499449922,1499449922,1499449922,0,0,0,0,0,0,0,0,0,Port_Scan
192.168.10.50_32776_172.16.0.1_41653_TCP_2017-07-07 13:52:01.908518,52:01.9,192.168.10.50,32776,172.16.0.1,41653,TCP,0,1,1,0,0,0,0,0,0,0,0,0,0,0,0,0,0,0,0,0,0,0,20,20,20,20,0,20,20,20,20,0,0,0,0,0,0,0,0,0,0,0,0,0,0,0,0,0,0,0,0,0,0,0,0,0,0,0,0,0,0,0,0,0,0,0,0,0,0,0,0,0,0,0,0,0,1,0,1,0,0,0,0,0,1,0,1,0,0,0,0,0,0,0,0,1499449922,0,1499449922,1499449922,1499449922,1499449922,0,1499449922,1499449922,1499449922,0,0,0,0,0,0,0,0,0,Port_Scan
192.168.10.50_1971_172.16.0.1_41653_TCP_2017-07-07 13:52:01.917504,52:01.9,192.168.10.50,1971,172.16.0.1,41653,TCP,0,1,1,0,0,0,0,0,0,0,0,0,0,0,0,0,0,0,0,0,0,0,20,20,20,20,0,20,20,20,20,0,0,0,0,0,0,0,0,0,0,0,0,0,0,0,0,0,0,0,0,0,0,0,0,0,0,0,0,0,0,0,0,0,0,0,0,0,0,0,0,0,0,0,0,0,1,0,1,0,0,0,0,0,1,0,1,0,0,0,0,0,0,0,0,1499449922,0,1499449922,1499449922,1499449922,1499449922,0,1499449922,1499449922,1499449922,0,0,0,0,0,0,0,0,0,Port_Scan
192.168.10.50_8021_172.16.0.1_41653_TCP_2017-07-07 13:52:01.922637,52:01.9,192.168.10.50,8021,172.16.0.1,41653,TCP,0,1,1,0,0,0,0,0,0,0,0,0,0,0,0,0,0,0,0,0,0,0,20,20,20,20,0,20,20,20,20,0,0,0,0,0,0,0,0,0,0,0,0,0,0,0,0,0,0,0,0,0,0,0,0,0,0,0,0,0,0,0,0,0,0,0,0,0,0,0,0,0,0,0,0,0,1,0,1,0,0,0,0,0,1,0,1,0,0,0,0,0,0,0,0,1499449922,0,1499449922,1499449922,1499449922,1499449922,0,1499449922,1499449922,1499449922,0,0,0,0,0,0,0,0,0,Port_Scan
192.168.10.50_8007_172.16.0.1_41653_TCP_2017-07-07 13:52:01.927914,52:01.9,192.168.10.50,8007,172.16.0.1,41653,TCP,0,1,1,0,0,0,0,0,0,0,0,0,0,0,0,0,0,0,0,0,0,0,20,20,20,20,0,20,20,20,20,0,0,0,0,0,0,0,0,0,0,0,0,0,0,0,0,0,0,0,0,0,0,0,0,0,0,0,0,0,0,0,0,0,0,0,0,0,0,0,0,0,0,0,0,0,1,0,1,0,0,0,0,0,1,0,1,0,0,0,0,0,0,0,0,1499449922,0,1499449922,1499449922,1499449922,1499449922,0,1499449922,1499449922,1499449922,0,0,0,0,0,0,0,0,0,Port_Scan
192.168.10.50_6001_172.16.0.1_41653_TCP_2017-07-07 13:52:01.941527,52:01.9,192.168.10.50,6001,172.16.0.1,41653,TCP,0,1,1,0,0,0,0,0,0,0,0,0,0,0,0,0,0,0,0,0,0,0,20,20,20,20,0,20,20,20,20,0,0,0,0,0,0,0,0,0,0,0,0,0,0,0,0,0,0,0,0,0,0,0,0,0,0,0,0,0,0,0,0,0,0,0,0,0,0,0,0,0,0,0,0,0,1,0,1,0,0,0,0,0,1,0,1,0,0,0,0,0,0,0,0,1499449922,0,1499449922,1499449922,1499449922,1499449922,0,1499449922,1499449922,1499449922,0,0,0,0,0,0,0,0,0,Port_Scan
192.168.10.50_25734_172.16.0.1_41653_TCP_2017-07-07 13:52:01.945232,52:01.9,192.168.10.50,25734,172.16.0.1,41653,TCP,0,1,1,0,0,0,0,0,0,0,0,0,0,0,0,0,0,0,0,0,0,0,20,20,20,20,0,20,20,20,20,0,0,0,0,0,0,0,0,0,0,0,0,0,0,0,0,0,0,0,0,0,0,0,0,0,0,0,0,0,0,0,0,0,0,0,0,0,0,0,0,0,0,0,0,0,1,0,1,0,0,0,0,0,1,0,1,0,0,0,0,0,0,0,0,1499449922,0,1499449922,1499449922,1499449922,1499449922,0,1499449922,1499449922,1499449922,0,0,0,0,0,0,0,0,0,Port_Scan
192.168.10.50_16000_172.16.0.1_41653_TCP_2017-07-07 13:52:01.945363,52:01.9,192.168.10.50,16000,172.16.0.1,41653,TCP,0,1,1,0,0,0,0,0,0,0,0,0,0,0,0,0,0,0,0,0,0,0,20,20,20,20,0,20,20,20,20,0,0,0,0,0,0,0,0,0,0,0,0,0,0,0,0,0,0,0,0,0,0,0,0,0,0,0,0,0,0,0,0,0,0,0,0,0,0,0,0,0,0,0,0,0,1,0,1,0,0,0,0,0,1,0,1,0,0,0,0,0,0,0,0,1499449922,0,1499449922,1499449922,1499449922,1499449922,0,1499449922,1499449922,1499449922,0,0,0,0,0,0,0,0,0,Port_Scan
192.168.10.50_179_172.16.0.1_41653_TCP_2017-07-07 13:52:01.950426,52:01.9,192.168.10.50,179,172.16.0.1,41653,TCP,0,1,1,0,0,0,0,0,0,0,0,0,0,0,0,0,0,0,0,0,0,0,20,20,20,20,0,20,20,20,20,0,0,0,0,0,0,0,0,0,0,0,0,0,0,0,0,0,0,0,0,0,0,0,0,0,0,0,0,0,0,0,0,0,0,0,0,0,0,0,0,0,0,0,0,0,1,0,1,0,0,0,0,0,1,0,1,0,0,0,0,0,0,0,0,1499449922,0,1499449922,1499449922,1499449922,1499449922,0,1499449922,1499449922,1499449922,0,0,0,0,0,0,0,0,0,Port_Scan
192.168.10.50_541_172.16.0.1_44033_TCP_2017-07-07 13:52:03.276703,52:03.3,192.168.10.50,541,172.16.0.1,44033,TCP,0,1,1,0,0,0,0,0,0,0,0,0,0,0,0,0,0,0,0,0,0,0,20,20,20,20,0,20,20,20,20,0,0,0,0,0,0,0,0,0,0,0,0,0,0,0,0,0,0,0,0,0,0,0,0,0,0,0,0,0,0,0,0,0,0,0,0,0,0,0,0,0,0,0,0,0,1,0,1,0,0,0,0,0,1,0,1,0,0,0,0,0,0,0,0,1499449923,0,1499449923,1499449923,1499449923,1499449923,0,1499449923,1499449923,1499449923,0,0,0,0,0,0,0,0,0,Port_Scan
192.168.10.50_2135_172.16.0.1_44033_TCP_2017-07-07 13:52:03.285772,52:03.3,192.168.10.50,2135,172.16.0.1,44033,TCP,0,1,1,0,0,0,0,0,0,0,0,0,0,0,0,0,0,0,0,0,0,0,20,20,20,20,0,20,20,20,20,0,0,0,0,0,0,0,0,0,0,0,0,0,0,0,0,0,0,0,0,0,0,0,0,0,0,0,0,0,0,0,0,0,0,0,0,0,0,0,0,0,0,0,0,0,1,0,1,0,0,0,0,0,1,0,1,0,0,0,0,0,0,0,0,1499449923,0,1499449923,1499449923,1499449923,1499449923,0,1499449923,1499449923,1499449923,0,0,0,0,0,0,0,0,0,Port_Scan
192.168.10.50_1038_172.16.0.1_44033_TCP_2017-07-07 13:52:03.288925,52:03.3,192.168.10.50,1038,172.16.0.1,44033,TCP,0,1,1,0,0,0,0,0,0,0,0,0,0,0,0,0,0,0,0,0,0,0,20,20,20,20,0,20,20,20,20,0,0,0,0,0,0,0,0,0,0,0,0,0,0,0,0,0,0,0,0,0,0,0,0,0,0,0,0,0,0,0,0,0,0,0,0,0,0,0,0,0,0,0,0,0,1,0,1,0,0,0,0,0,1,0,1,0,0,0,0,0,0,0,0,1499449923,0,1499449923,1499449923,1499449923,1499449923,0,1499449923,1499449923,1499449923,0,0,0,0,0,0,0,0,0,Port_Scan
192.168.10.50_8089_172.16.0.1_44033_TCP_2017-07-07 13:52:03.317141,52:03.3,192.168.10.50,8089,172.16.0.1,44033,TCP,0,1,1,0,0,0,0,0,0,0,0,0,0,0,0,0,0,0,0,0,0,0,20,20,20,20,0,20,20,20,20,0,0,0,0,0,0,0,0,0,0,0,0,0,0,0,0,0,0,0,0,0,0,0,0,0,0,0,0,0,0,0,0,0,0,0,0,0,0,0,0,0,0,0,0,0,1,0,1,0,0,0,0,0,1,0,1,0,0,0,0,0,0,0,0,1499449923,0,1499449923,1499449923,1499449923,1499449923,0,1499449923,1499449923,1499449923,0,0,0,0,0,0,0,0,0,Port_Scan
192.168.10.50_1028_172.16.0.1_44033_TCP_2017-07-07 13:52:03.321721,52:03.3,192.168.10.50,1028,172.16.0.1,44033,TCP,0,1,1,0,0,0,0,0,0,0,0,0,0,0,0,0,0,0,0,0,0,0,20,20,20,20,0,20,20,20,20,0,0,0,0,0,0,0,0,0,0,0,0,0,0,0,0,0,0,0,0,0,0,0,0,0,0,0,0,0,0,0,0,0,0,0,0,0,0,0,0,0,0,0,0,0,1,0,1,0,0,0,0,0,1,0,1,0,0,0,0,0,0,0,0,1499449923,0,1499449923,1499449923,1499449923,1499449923,0,1499449923,1499449923,1499449923,0,0,0,0,0,0,0,0,0,Port_Scan
192.168.10.50_32773_172.16.0.1_44033_TCP_2017-07-07 13:52:03.351754,52:03.4,192.168.10.50,32773,172.16.0.1,44033,TCP,0,1,1,0,0,0,0,0,0,0,0,0,0,0,0,0,0,0,0,0,0,0,20,20,20,20,0,20,20,20,20,0,0,0,0,0,0,0,0,0,0,0,0,0,0,0,0,0,0,0,0,0,0,0,0,0,0,0,0,0,0,0,0,0,0,0,0,0,0,0,0,0,0,0,0,0,1,0,1,0,0,0,0,0,1,0,1,0,0,0,0,0,0,0,0,1499449923,0,1499449923,1499449923,1499449923,1499449923,0,1499449923,1499449923,1499449923,0,0,0,0,0,0,0,0,0,Port_Scan
192.168.10.50_9594_172.16.0.1_39809_TCP_2017-07-07 13:52:04.639833,52:04.6,192.168.10.50,9594,172.16.0.1,39809,TCP,0,1,1,0,0,0,0,0,0,0,0,0,0,0,0,0,0,0,0,0,0,0,20,20,20,20,0,20,20,20,20,0,0,0,0,0,0,0,0,0,0,0,0,0,0,0,0,0,0,0,0,0,0,0,0,0,0,0,0,0,0,0,0,0,0,0,0,0,0,0,0,0,0,0,0,0,1,0,1,0,0,0,0,0,1,0,1,0,0,0,0,0,0,0,0,1499449925,0,1499449925,1499449925,1499449925,1499449925,0,1499449925,1499449925,1499449925,0,0,0,0,0,0,0,0,0,Port_Scan
192.168.10.50_888_172.16.0.1_39809_TCP_2017-07-07 13:52:04.648696,52:04.6,192.168.10.50,888,172.16.0.1,39809,TCP,0,1,1,0,0,0,0,0,0,0,0,0,0,0,0,0,0,0,0,0,0,0,20,20,20,20,0,20,20,20,20,0,0,0,0,0,0,0,0,0,0,0,0,0,0,0,0,0,0,0,0,0,0,0,0,0,0,0,0,0,0,0,0,0,0,0,0,0,0,0,0,0,0,0,0,0,1,0,1,0,0,0,0,0,1,0,1,0,0,0,0,0,0,0,0,1499449925,0,1499449925,1499449925,1499449925,1499449925,0,1499449925,1499449925,1499449925,0,0,0,0,0,0,0,0,0,Port_Scan
192.168.10.50_3006_172.16.0.1_45423_TCP_2017-07-07 13:52:06.007171,52:06.0,192.168.10.50,3006,172.16.0.1,45423,TCP,0,1,1,0,0,0,0,0,0,0,0,0,0,0,0,0,0,0,0,0,0,0,20,20,20,20,0,20,20,20,20,0,0,0,0,0,0,0,0,0,0,0,0,0,0,0,0,0,0,0,0,0,0,0,0,0,0,0,0,0,0,0,0,0,0,0,0,0,0,0,0,0,0,0,0,0,1,0,1,0,0,0,0,0,1,0,1,0,0,0,0,0,0,0,0,1499449926,0,1499449926,1499449926,1499449926,1499449926,0,1499449926,1499449926,1499449926,0,0,0,0,0,0,0,0,0,Port_Scan
192.168.10.50_16001_172.16.0.1_45423_TCP_2017-07-07 13:52:06.010605,52:06.0,192.168.10.50,16001,172.16.0.1,45423,TCP,0,1,1,0,0,0,0,0,0,0,0,0,0,0,0,0,0,0,0,0,0,0,20,20,20,20,0,20,20,20,20,0,0,0,0,0,0,0,0,0,0,0,0,0,0,0,0,0,0,0,0,0,0,0,0,0,0,0,0,0,0,0,0,0,0,0,0,0,0,0,0,0,0,0,0,0,1,0,1,0,0,0,0,0,1,0,1,0,0,0,0,0,0,0,0,1499449926,0,1499449926,1499449926,1499449926,1499449926,0,1499449926,1499449926,1499449926,0,0,0,0,0,0,0,0,0,Port_Scan
192.168.10.50_1032_172.16.0.1_45423_TCP_2017-07-07 13:52:06.032432,52:06.0,192.168.10.50,1032,172.16.0.1,45423,TCP,0,1,1,0,0,0,0,0,0,0,0,0,0,0,0,0,0,0,0,0,0,0,20,20,20,20,0,20,20,20,20,0,0,0,0,0,0,0,0,0,0,0,0,0,0,0,0,0,0,0,0,0,0,0,0,0,0,0,0,0,0,0,0,0,0,0,0,0,0,0,0,0,0,0,0,0,1,0,1,0,0,0,0,0,1,0,1,0,0,0,0,0,0,0,0,1499449926,0,1499449926,1499449926,1499449926,1499449926,0,1499449926,1499449926,1499449926,0,0,0,0,0,0,0,0,0,Port_Scan
192.168.10.50_49155_172.16.0.1_45423_TCP_2017-07-07 13:52:06.033690,52:06.0,192.168.10.50,49155,172.16.0.1,45423,TCP,0,1,1,0,0,0,0,0,0,0,0,0,0,0,0,0,0,0,0,0,0,0,20,20,20,20,0,20,20,20,20,0,0,0,0,0,0,0,0,0,0,0,0,0,0,0,0,0,0,0,0,0,0,0,0,0,0,0,0,0,0,0,0,0,0,0,0,0,0,0,0,0,0,0,0,0,1,0,1,0,0,0,0,0,1,0,1,0,0,0,0,0,0,0,0,1499449926,0,1499449926,1499449926,1499449926,1499449926,0,1499449926,1499449926,1499449926,0,0,0,0,0,0,0,0,0,Port_Scan
192.168.10.50_636_172.16.0.1_45423_TCP_2017-07-07 13:52:06.051216,52:06.1,192.168.10.50,636,172.16.0.1,45423,TCP,0,1,1,0,0,0,0,0,0,0,0,0,0,0,0,0,0,0,0,0,0,0,20,20,20,20,0,20,20,20,20,0,0,0,0,0,0,0,0,0,0,0,0,0,0,0,0,0,0,0,0,0,0,0,0,0,0,0,0,0,0,0,0,0,0,0,0,0,0,0,0,0,0,0,0,0,1,0,1,0,0,0,0,0,1,0,1,0,0,0,0,0,0,0,0,1499449926,0,1499449926,1499449926,1499449926,1499449926,0,1499449926,1499449926,1499449926,0,0,0,0,0,0,0,0,0,Port_Scan
192.168.10.50_7100_172.16.0.1_45423_TCP_2017-07-07 13:52:06.060324,52:06.1,192.168.10.50,7100,172.16.0.1,45423,TCP,0,1,1,0,0,0,0,0,0,0,0,0,0,0,0,0,0,0,0,0,0,0,20,20,20,20,0,20,20,20,20,0,0,0,0,0,0,0,0,0,0,0,0,0,0,0,0,0,0,0,0,0,0,0,0,0,0,0,0,0,0,0,0,0,0,0,0,0,0,0,0,0,0,0,0,0,1,0,1,0,0,0,0,0,1,0,1,0,0,0,0,0,0,0,0,1499449926,0,1499449926,1499449926,1499449926,1499449926,0,1499449926,1499449926,1499449926,0,0,0,0,0,0,0,0,0,Port_Scan
192.168.10.50_6567_172.16.0.1_45423_TCP_2017-07-07 13:52:06.085519,52:06.1,192.168.10.50,6567,172.16.0.1,45423,TCP,0,1,1,0,0,0,0,0,0,0,0,0,0,0,0,0,0,0,0,0,0,0,20,20,20,20,0,20,20,20,20,0,0,0,0,0,0,0,0,0,0,0,0,0,0,0,0,0,0,0,0,0,0,0,0,0,0,0,0,0,0,0,0,0,0,0,0,0,0,0,0,0,0,0,0,0,1,0,1,0,0,0,0,0,1,0,1,0,0,0,0,0,0,0,0,1499449926,0,1499449926,1499449926,1499449926,1499449926,0,1499449926,1499449926,1499449926,0,0,0,0,0,0,0,0,0,Port_Scan
192.168.10.50_5051_172.16.0.1_55826_TCP_2017-07-07 13:52:07.396662,52:07.4,192.168.10.50,5051,172.16.0.1,55826,TCP,0,1,1,0,0,0,0,0,0,0,0,0,0,0,0,0,0,0,0,0,0,0,20,20,20,20,0,20,20,20,20,0,0,0,0,0,0,0,0,0,0,0,0,0,0,0,0,0,0,0,0,0,0,0,0,0,0,0,0,0,0,0,0,0,0,0,0,0,0,0,0,0,0,0,0,0,1,0,1,0,0,0,0,0,1,0,1,0,0,0,0,0,0,0,0,1499449927,0,1499449927,1499449927,1499449927,1499449927,0,1499449927,1499449927,1499449927,0,0,0,0,0,0,0,0,0,Port_Scan
192.168.10.50_6009_172.16.0.1_55826_TCP_2017-07-07 13:52:07.410038,52:07.4,192.168.10.50,6009,172.16.0.1,55826,TCP,0,1,1,0,0,0,0,0,0,0,0,0,0,0,0,0,0,0,0,0,0,0,20,20,20,20,0,20,20,20,20,0,0,0,0,0,0,0,0,0,0,0,0,0,0,0,0,0,0,0,0,0,0,0,0,0,0,0,0,0,0,0,0,0,0,0,0,0,0,0,0,0,0,0,0,0,1,0,1,0,0,0,0,0,1,0,1,0,0,0,0,0,0,0,0,1499449927,0,1499449927,1499449927,1499449927,1499449927,0,1499449927,1499449927,1499449927,0,0,0,0,0,0,0,0,0,Port_Scan
192.168.10.50_2383_172.16.0.1_55826_TCP_2017-07-07 13:52:07.431620,52:07.4,192.168.10.50,2383,172.16.0.1,55826,TCP,0,1,1,0,0,0,0,0,0,0,0,0,0,0,0,0,0,0,0,0,0,0,20,20,20,20,0,20,20,20,20,0,0,0,0,0,0,0,0,0,0,0,0,0,0,0,0,0,0,0,0,0,0,0,0,0,0,0,0,0,0,0,0,0,0,0,0,0,0,0,0,0,0,0,0,0,1,0,1,0,0,0,0,0,1,0,1,0,0,0,0,0,0,0,0,1499449927,0,1499449927,1499449927,1499449927,1499449927,0,1499449927,1499449927,1499449927,0,0,0,0,0,0,0,0,0,Port_Scan
192.168.10.50_9071_172.16.0.1_62393_TCP_2017-07-07 13:52:08.751848,52:08.8,192.168.10.50,9071,172.16.0.1,62393,TCP,0,1,1,0,0,0,0,0,0,0,0,0,0,0,0,0,0,0,0,0,0,0,20,20,20,20,0,20,20,20,20,0,0,0,0,0,0,0,0,0,0,0,0,0,0,0,0,0,0,0,0,0,0,0,0,0,0,0,0,0,0,0,0,0,0,0,0,0,0,0,0,0,0,0,0,0,1,0,1,0,0,0,0,0,1,0,1,0,0,0,0,0,0,0,0,1499449929,0,1499449929,1499449929,1499449929,1499449929,0,1499449929,1499449929,1499449929,0,0,0,0,0,0,0,0,0,Port_Scan
192.168.10.50_2522_172.16.0.1_62393_TCP_2017-07-07 13:52:08.759558,52:08.8,192.168.10.50,2522,172.16.0.1,62393,TCP,0,1,1,0,0,0,0,0,0,0,0,0,0,0,0,0,0,0,0,0,0,0,20,20,20,20,0,20,20,20,20,0,0,0,0,0,0,0,0,0,0,0,0,0,0,0,0,0,0,0,0,0,0,0,0,0,0,0,0,0,0,0,0,0,0,0,0,0,0,0,0,0,0,0,0,0,1,0,1,0,0,0,0,0,1,0,1,0,0,0,0,0,0,0,0,1499449929,0,1499449929,1499449929,1499449929,1499449929,0,1499449929,1499449929,1499449929,0,0,0,0,0,0,0,0,0,Port_Scan
192.168.10.50_8192_172.16.0.1_62393_TCP_2017-07-07 13:52:08.764969,52:08.8,192.168.10.50,8192,172.16.0.1,62393,TCP,0,1,1,0,0,0,0,0,0,0,0,0,0,0,0,0,0,0,0,0,0,0,20,20,20,20,0,20,20,20,20,0,0,0,0,0,0,0,0,0,0,0,0,0,0,0,0,0,0,0,0,0,0,0,0,0,0,0,0,0,0,0,0,0,0,0,0,0,0,0,0,0,0,0,0,0,1,0,1,0,0,0,0,0,1,0,1,0,0,0,0,0,0,0,0,1499449929,0,1499449929,1499449929,1499449929,1499449929,0,1499449929,1499449929,1499449929,0,0,0,0,0,0,0,0,0,Port_Scan
192.168.10.50_1131_172.16.0.1_62393_TCP_2017-07-07 13:52:08.773628,52:08.8,192.168.10.50,1131,172.16.0.1,62393,TCP,0,1,1,0,0,0,0,0,0,0,0,0,0,0,0,0,0,0,0,0,0,0,20,20,20,20,0,20,20,20,20,0,0,0,0,0,0,0,0,0,0,0,0,0,0,0,0,0,0,0,0,0,0,0,0,0,0,0,0,0,0,0,0,0,0,0,0,0,0,0,0,0,0,0,0,0,1,0,1,0,0,0,0,0,1,0,1,0,0,0,0,0,0,0,0,1499449929,0,1499449929,1499449929,1499449929,1499449929,0,1499449929,1499449929,1499449929,0,0,0,0,0,0,0,0,0,Port_Scan
192.168.10.50_19101_172.16.0.1_62393_TCP_2017-07-07 13:52:08.773711,52:08.8,192.168.10.50,19101,172.16.0.1,62393,TCP,0,1,1,0,0,0,0,0,0,0,0,0,0,0,0,0,0,0,0,0,0,0,20,20,20,20,0,20,20,20,20,0,0,0,0,0,0,0,0,0,0,0,0,0,0,0,0,0,0,0,0,0,0,0,0,0,0,0,0,0,0,0,0,0,0,0,0,0,0,0,0,0,0,0,0,0,1,0,1,0,0,0,0,0,1,0,1,0,0,0,0,0,0,0,0,1499449929,0,1499449929,1499449929,1499449929,1499449929,0,1499449929,1499449929,1499449929,0,0,0,0,0,0,0,0,0,Port_Scan
192.168.10.50_3007_172.16.0.1_62393_TCP_2017-07-07 13:52:08.795546,52:08.8,192.168.10.50,3007,172.16.0.1,62393,TCP,0,1,1,0,0,0,0,0,0,0,0,0,0,0,0,0,0,0,0,0,0,0,20,20,20,20,0,20,20,20,20,0,0,0,0,0,0,0,0,0,0,0,0,0,0,0,0,0,0,0,0,0,0,0,0,0,0,0,0,0,0,0,0,0,0,0,0,0,0,0,0,0,0,0,0,0,1,0,1,0,0,0,0,0,1,0,1,0,0,0,0,0,0,0,0,1499449929,0,1499449929,1499449929,1499449929,1499449929,0,1499449929,1499449929,1499449929,0,0,0,0,0,0,0,0,0,Port_Scan
192.168.10.50_1051_172.16.0.1_62393_TCP_2017-07-07 13:52:08.817309,52:08.8,192.168.10.50,1051,172.16.0.1,62393,TCP,0,1,1,0,0,0,0,0,0,0,0,0,0,0,0,0,0,0,0,0,0,0,20,20,20,20,0,20,20,20,20,0,0,0,0,0,0,0,0,0,0,0,0,0,0,0,0,0,0,0,0,0,0,0,0,0,0,0,0,0,0,0,0,0,0,0,0,0,0,0,0,0,0,0,0,0,1,0,1,0,0,0,0,0,1,0,1,0,0,0,0,0,0,0,0,1499449929,0,1499449929,1499449929,1499449929,1499449929,0,1499449929,1499449929,1499449929,0,0,0,0,0,0,0,0,0,Port_Scan
192.168.10.50_9080_172.16.0.1_52332_TCP_2017-07-07 13:52:10.135533,52:10.1,192.168.10.50,9080,172.16.0.1,52332,TCP,0,1,1,0,0,0,0,0,0,0,0,0,0,0,0,0,0,0,0,0,0,0,20,20,20,20,0,20,20,20,20,0,0,0,0,0,0,0,0,0,0,0,0,0,0,0,0,0,0,0,0,0,0,0,0,0,0,0,0,0,0,0,0,0,0,0,0,0,0,0,0,0,0,0,0,0,1,0,1,0,0,0,0,0,1,0,1,0,0,0,0,0,0,0,0,1499449930,0,1499449930,1499449930,1499449930,1499449930,0,1499449930,1499449930,1499449930,0,0,0,0,0,0,0,0,0,Port_Scan
192.168.10.50_1076_172.16.0.1_52332_TCP_2017-07-07 13:52:10.135998,52:10.1,192.168.10.50,1076,172.16.0.1,52332,TCP,0,1,1,0,0,0,0,0,0,0,0,0,0,0,0,0,0,0,0,0,0,0,20,20,20,20,0,20,20,20,20,0,0,0,0,0,0,0,0,0,0,0,0,0,0,0,0,0,0,0,0,0,0,0,0,0,0,0,0,0,0,0,0,0,0,0,0,0,0,0,0,0,0,0,0,0,1,0,1,0,0,0,0,0,1,0,1,0,0,0,0,0,0,0,0,1499449930,0,1499449930,1499449930,1499449930,1499449930,0,1499449930,1499449930,1499449930,0,0,0,0,0,0,0,0,0,Port_Scan
192.168.10.50_54328_172.16.0.1_52332_TCP_2017-07-07 13:52:10.144911,52:10.1,192.168.10.50,54328,172.16.0.1,52332,TCP,0,1,1,0,0,0,0,0,0,0,0,0,0,0,0,0,0,0,0,0,0,0,20,20,20,20,0,20,20,20,20,0,0,0,0,0,0,0,0,0,0,0,0,0,0,0,0,0,0,0,0,0,0,0,0,0,0,0,0,0,0,0,0,0,0,0,0,0,0,0,0,0,0,0,0,0,1,0,1,0,0,0,0,0,1,0,1,0,0,0,0,0,0,0,0,1499449930,0,1499449930,1499449930,1499449930,1499449930,0,1499449930,1499449930,1499449930,0,0,0,0,0,0,0,0,0,Port_Scan
192.168.10.50_3324_172.16.0.1_52332_TCP_2017-07-07 13:52:10.153097,52:10.2,192.168.10.50,3324,172.16.0.1,52332,TCP,0,1,1,0,0,0,0,0,0,0,0,0,0,0,0,0,0,0,0,0,0,0,20,20,20,20,0,20,20,20,20,0,0,0,0,0,0,0,0,0,0,0,0,0,0,0,0,0,0,0,0,0,0,0,0,0,0,0,0,0,0,0,0,0,0,0,0,0,0,0,0,0,0,0,0,0,1,0,1,0,0,0,0,0,1,0,1,0,0,0,0,0,0,0,0,1499449930,0,1499449930,1499449930,1499449930,1499449930,0,1499449930,1499449930,1499449930,0,0,0,0,0,0,0,0,0,Port_Scan
192.168.10.50_2043_172.16.0.1_52332_TCP_2017-07-07 13:52:10.206204,52:10.2,192.168.10.50,2043,172.16.0.1,52332,TCP,0,1,1,0,0,0,0,0,0,0,0,0,0,0,0,0,0,0,0,0,0,0,20,20,20,20,0,20,20,20,20,0,0,0,0,0,0,0,0,0,0,0,0,0,0,0,0,0,0,0,0,0,0,0,0,0,0,0,0,0,0,0,0,0,0,0,0,0,0,0,0,0,0,0,0,0,1,0,1,0,0,0,0,0,1,0,1,0,0,0,0,0,0,0,0,1499449930,0,1499449930,1499449930,1499449930,1499449930,0,1499449930,1499449930,1499449930,0,0,0,0,0,0,0,0,0,Port_Scan
192.168.10.50_4446_172.16.0.1_39070_TCP_2017-07-07 13:52:11.494906,52:11.5,192.168.10.50,4446,172.16.0.1,39070,TCP,0,1,1,0,0,0,0,0,0,0,0,0,0,0,0,0,0,0,0,0,0,0,20,20,20,20,0,20,20,20,20,0,0,0,0,0,0,0,0,0,0,0,0,0,0,0,0,0,0,0,0,0,0,0,0,0,0,0,0,0,0,0,0,0,0,0,0,0,0,0,0,0,0,0,0,0,1,0,1,0,0,0,0,0,1,0,1,0,0,0,0,0,0,0,0,1499449931,0,1499449931,1499449931,1499449931,1499449931,0,1499449931,1499449931,1499449931,0,0,0,0,0,0,0,0,0,Port_Scan
192.168.10.50_9575_172.16.0.1_39070_TCP_2017-07-07 13:52:11.495439,52:11.5,192.168.10.50,9575,172.16.0.1,39070,TCP,0,1,1,0,0,0,0,0,0,0,0,0,0,0,0,0,0,0,0,0,0,0,20,20,20,20,0,20,20,20,20,0,0,0,0,0,0,0,0,0,0,0,0,0,0,0,0,0,0,0,0,0,0,0,0,0,0,0,0,0,0,0,0,0,0,0,0,0,0,0,0,0,0,0,0,0,1,0,1,0,0,0,0,0,1,0,1,0,0,0,0,0,0,0,0,1499449931,0,1499449931,1499449931,1499449931,1499449931,0,1499449931,1499449931,1499449931,0,0,0,0,0,0,0,0,0,Port_Scan
192.168.10.50_1580_172.16.0.1_39070_TCP_2017-07-07 13:52:11.509096,52:11.5,192.168.10.50,1580,172.16.0.1,39070,TCP,0,1,1,0,0,0,0,0,0,0,0,0,0,0,0,0,0,0,0,0,0,0,20,20,20,20,0,20,20,20,20,0,0,0,0,0,0,0,0,0,0,0,0,0,0,0,0,0,0,0,0,0,0,0,0,0,0,0,0,0,0,0,0,0,0,0,0,0,0,0,0,0,0,0,0,0,1,0,1,0,0,0,0,0,1,0,1,0,0,0,0,0,0,0,0,1499449932,0,1499449932,1499449932,1499449932,1499449932,0,1499449932,1499449932,1499449932,0,0,0,0,0,0,0,0,0,Port_Scan
192.168.10.50_6667_172.16.0.1_39070_TCP_2017-07-07 13:52:11.511920,52:11.5,192.168.10.50,6667,172.16.0.1,39070,TCP,0,1,1,0,0,0,0,0,0,0,0,0,0,0,0,0,0,0,0,0,0,0,20,20,20,20,0,20,20,20,20,0,0,0,0,0,0,0,0,0,0,0,0,0,0,0,0,0,0,0,0,0,0,0,0,0,0,0,0,0,0,0,0,0,0,0,0,0,0,0,0,0,0,0,0,0,1,0,1,0,0,0,0,0,1,0,1,0,0,0,0,0,0,0,0,1499449932,0,1499449932,1499449932,1499449932,1499449932,0,1499449932,1499449932,1499449932,0,0,0,0,0,0,0,0,0,Port_Scan
192.168.10.50_1057_172.16.0.1_39070_TCP_2017-07-07 13:52:11.513012,52:11.5,192.168.10.50,1057,172.16.0.1,39070,TCP,0,1,1,0,0,0,0,0,0,0,0,0,0,0,0,0,0,0,0,0,0,0,20,20,20,20,0,20,20,20,20,0,0,0,0,0,0,0,0,0,0,0,0,0,0,0,0,0,0,0,0,0,0,0,0,0,0,0,0,0,0,0,0,0,0,0,0,0,0,0,0,0,0,0,0,0,1,0,1,0,0,0,0,0,1,0,1,0,0,0,0,0,0,0,0,1499449932,0,1499449932,1499449932,1499449932,1499449932,0,1499449932,1499449932,1499449932,0,0,0,0,0,0,0,0,0,Port_Scan
192.168.10.50_5963_172.16.0.1_39070_TCP_2017-07-07 13:52:11.517109,52:11.5,192.168.10.50,5963,172.16.0.1,39070,TCP,0,1,1,0,0,0,0,0,0,0,0,0,0,0,0,0,0,0,0,0,0,0,20,20,20,20,0,20,20,20,20,0,0,0,0,0,0,0,0,0,0,0,0,0,0,0,0,0,0,0,0,0,0,0,0,0,0,0,0,0,0,0,0,0,0,0,0,0,0,0,0,0,0,0,0,0,1,0,1,0,0,0,0,0,1,0,1,0,0,0,0,0,0,0,0,1499449932,0,1499449932,1499449932,1499449932,1499449932,0,1499449932,1499449932,1499449932,0,0,0,0,0,0,0,0,0,Port_Scan
192.168.10.50_3801_172.16.0.1_39070_TCP_2017-07-07 13:52:11.540247,52:11.5,192.168.10.50,3801,172.16.0.1,39070,TCP,0,1,1,0,0,0,0,0,0,0,0,0,0,0,0,0,0,0,0,0,0,0,20,20,20,20,0,20,20,20,20,0,0,0,0,0,0,0,0,0,0,0,0,0,0,0,0,0,0,0,0,0,0,0,0,0,0,0,0,0,0,0,0,0,0,0,0,0,0,0,0,0,0,0,0,0,1,0,1,0,0,0,0,0,1,0,1,0,0,0,0,0,0,0,0,1499449932,0,1499449932,1499449932,1499449932,1499449932,0,1499449932,1499449932,1499449932,0,0,0,0,0,0,0,0,0,Port_Scan
192.168.10.50_1935_172.16.0.1_39070_TCP_2017-07-07 13:52:11.565936,52:11.6,192.168.10.50,1935,172.16.0.1,39070,TCP,0,1,1,0,0,0,0,0,0,0,0,0,0,0,0,0,0,0,0,0,0,0,20,20,20,20,0,20,20,20,20,0,0,0,0,0,0,0,0,0,0,0,0,0,0,0,0,0,0,0,0,0,0,0,0,0,0,0,0,0,0,0,0,0,0,0,0,0,0,0,0,0,0,0,0,0,1,0,1,0,0,0,0,0,1,0,1,0,0,0,0,0,0,0,0,1499449932,0,1499449932,1499449932,1499449932,1499449932,0,1499449932,1499449932,1499449932,0,0,0,0,0,0,0,0,0,Port_Scan
192.168.10.50_3369_172.16.0.1_39070_TCP_2017-07-07 13:52:11.574527,52:11.6,192.168.10.50,3369,172.16.0.1,39070,TCP,0,1,1,0,0,0,0,0,0,0,0,0,0,0,0,0,0,0,0,0,0,0,20,20,20,20,0,20,20,20,20,0,0,0,0,0,0,0,0,0,0,0,0,0,0,0,0,0,0,0,0,0,0,0,0,0,0,0,0,0,0,0,0,0,0,0,0,0,0,0,0,0,0,0,0,0,1,0,1,0,0,0,0,0,1,0,1,0,0,0,0,0,0,0,0,1499449932,0,1499449932,1499449932,1499449932,1499449932,0,1499449932,1499449932,1499449932,0,0,0,0,0,0,0,0,0,Port_Scan
192.168.10.50_993_172.16.0.1_64231_TCP_2017-07-07 13:52:12.854821,52:12.9,192.168.10.50,993,172.16.0.1,64231,TCP,0,1,1,0,0,0,0,0,0,0,0,0,0,0,0,0,0,0,0,0,0,0,20,20,20,20,0,20,20,20,20,0,0,0,0,0,0,0,0,0,0,0,0,0,0,0,0,0,0,0,0,0,0,0,0,0,0,0,0,0,0,0,0,0,0,0,0,0,0,0,0,0,0,0,0,0,1,0,1,0,0,0,0,0,1,0,1,0,0,0,0,0,0,0,0,1499449933,0,1499449933,1499449933,1499449933,1499449933,0,1499449933,1499449933,1499449933,0,0,0,0,0,0,0,0,0,Port_Scan
192.168.10.50_1782_172.16.0.1_64231_TCP_2017-07-07 13:52:12.856032,52:12.9,192.168.10.50,1782,172.16.0.1,64231,TCP,0,1,1,0,0,0,0,0,0,0,0,0,0,0,0,0,0,0,0,0,0,0,20,20,20,20,0,20,20,20,20,0,0,0,0,0,0,0,0,0,0,0,0,0,0,0,0,0,0,0,0,0,0,0,0,0,0,0,0,0,0,0,0,0,0,0,0,0,0,0,0,0,0,0,0,0,1,0,1,0,0,0,0,0,1,0,1,0,0,0,0,0,0,0,0,1499449933,0,1499449933,1499449933,1499449933,1499449933,0,1499449933,1499449933,1499449933,0,0,0,0,0,0,0,0,0,Port_Scan
192.168.10.50_3221_172.16.0.1_64231_TCP_2017-07-07 13:52:12.894260,52:12.9,192.168.10.50,3221,172.16.0.1,64231,TCP,0,1,1,0,0,0,0,0,0,0,0,0,0,0,0,0,0,0,0,0,0,0,20,20,20,20,0,20,20,20,20,0,0,0,0,0,0,0,0,0,0,0,0,0,0,0,0,0,0,0,0,0,0,0,0,0,0,0,0,0,0,0,0,0,0,0,0,0,0,0,0,0,0,0,0,0,1,0,1,0,0,0,0,0,1,0,1,0,0,0,0,0,0,0,0,1499449933,0,1499449933,1499449933,1499449933,1499449933,0,1499449933,1499449933,1499449933,0,0,0,0,0,0,0,0,0,Port_Scan
192.168.10.50_24_172.16.0.1_64231_TCP_2017-07-07 13:52:12.920509,52:12.9,192.168.10.50,24,172.16.0.1,64231,TCP,0,1,1,0,0,0,0,0,0,0,0,0,0,0,0,0,0,0,0,0,0,0,20,20,20,20,0,20,20,20,20,0,0,0,0,0,0,0,0,0,0,0,0,0,0,0,0,0,0,0,0,0,0,0,0,0,0,0,0,0,0,0,0,0,0,0,0,0,0,0,0,0,0,0,0,0,1,0,1,0,0,0,0,0,1,0,1,0,0,0,0,0,0,0,0,1499449933,0,1499449933,1499449933,1499449933,1499449933,0,1499449933,1499449933,1499449933,0,0,0,0,0,0,0,0,0,Port_Scan
192.168.10.50_8873_172.16.0.1_38529_TCP_2017-07-07 13:52:14.237875,52:14.2,192.168.10.50,8873,172.16.0.1,38529,TCP,0,1,1,0,0,0,0,0,0,0,0,0,0,0,0,0,0,0,0,0,0,0,20,20,20,20,0,20,20,20,20,0,0,0,0,0,0,0,0,0,0,0,0,0,0,0,0,0,0,0,0,0,0,0,0,0,0,0,0,0,0,0,0,0,0,0,0,0,0,0,0,0,0,0,0,0,1,0,1,0,0,0,0,0,1,0,1,0,0,0,0,0,0,0,0,1499449934,0,1499449934,1499449934,1499449934,1499449934,0,1499449934,1499449934,1499449934,0,0,0,0,0,0,0,0,0,Port_Scan
192.168.10.50_16113_172.16.0.1_38529_TCP_2017-07-07 13:52:14.268358,52:14.3,192.168.10.50,16113,172.16.0.1,38529,TCP,0,1,1,0,0,0,0,0,0,0,0,0,0,0,0,0,0,0,0,0,0,0,20,20,20,20,0,20,20,20,20,0,0,0,0,0,0,0,0,0,0,0,0,0,0,0,0,0,0,0,0,0,0,0,0,0,0,0,0,0,0,0,0,0,0,0,0,0,0,0,0,0,0,0,0,0,1,0,1,0,0,0,0,0,1,0,1,0,0,0,0,0,0,0,0,1499449934,0,1499449934,1499449934,1499449934,1499449934,0,1499449934,1499449934,1499449934,0,0,0,0,0,0,0,0,0,Port_Scan
192.168.10.50_301_172.16.0.1_38529_TCP_2017-07-07 13:52:14.311763,52:14.3,192.168.10.50,301,172.16.0.1,38529,TCP,0,1,1,0,0,0,0,0,0,0,0,0,0,0,0,0,0,0,0,0,0,0,20,20,20,20,0,20,20,20,20,0,0,0,0,0,0,0,0,0,0,0,0,0,0,0,0,0,0,0,0,0,0,0,0,0,0,0,0,0,0,0,0,0,0,0,0,0,0,0,0,0,0,0,0,0,1,0,1,0,0,0,0,0,1,0,1,0,0,0,0,0,0,0,0,1499449934,0,1499449934,1499449934,1499449934,1499449934,0,1499449934,1499449934,1499449934,0,0,0,0,0,0,0,0,0,Port_Scan
192.168.10.50_5903_172.16.0.1_58812_TCP_2017-07-07 13:52:15.611721,52:15.6,192.168.10.50,5903,172.16.0.1,58812,TCP,0,1,1,0,0,0,0,0,0,0,0,0,0,0,0,0,0,0,0,0,0,0,20,20,20,20,0,20,20,20,20,0,0,0,0,0,0,0,0,0,0,0,0,0,0,0,0,0,0,0,0,0,0,0,0,0,0,0,0,0,0,0,0,0,0,0,0,0,0,0,0,0,0,0,0,0,1,0,1,0,0,0,0,0,1,0,1,0,0,0,0,0,0,0,0,1499449936,0,1499449936,1499449936,1499449936,1499449936,0,1499449936,1499449936,1499449936,0,0,0,0,0,0,0,0,0,Port_Scan
192.168.10.50_5414_172.16.0.1_58812_TCP_2017-07-07 13:52:15.611946,52:15.6,192.168.10.50,5414,172.16.0.1,58812,TCP,0,1,1,0,0,0,0,0,0,0,0,0,0,0,0,0,0,0,0,0,0,0,20,20,20,20,0,20,20,20,20,0,0,0,0,0,0,0,0,0,0,0,0,0,0,0,0,0,0,0,0,0,0,0,0,0,0,0,0,0,0,0,0,0,0,0,0,0,0,0,0,0,0,0,0,0,1,0,1,0,0,0,0,0,1,0,1,0,0,0,0,0,0,0,0,1499449936,0,1499449936,1499449936,1499449936,1499449936,0,1499449936,1499449936,1499449936,0,0,0,0,0,0,0,0,0,Port_Scan
192.168.10.50_49154_172.16.0.1_58812_TCP_2017-07-07 13:52:15.616316,52:15.6,192.168.10.50,49154,172.16.0.1,58812,TCP,0,1,1,0,0,0,0,0,0,0,0,0,0,0,0,0,0,0,0,0,0,0,20,20,20,20,0,20,20,20,20,0,0,0,0,0,0,0,0,0,0,0,0,0,0,0,0,0,0,0,0,0,0,0,0,0,0,0,0,0,0,0,0,0,0,0,0,0,0,0,0,0,0,0,0,0,1,0,1,0,0,0,0,0,1,0,1,0,0,0,0,0,0,0,0,1499449936,0,1499449936,1499449936,1499449936,1499449936,0,1499449936,1499449936,1499449936,0,0,0,0,0,0,0,0,0,Port_Scan
192.168.10.50_1075_172.16.0.1_58812_TCP_2017-07-07 13:52:15.634439,52:15.6,192.168.10.50,1075,172.16.0.1,58812,TCP,0,1,1,0,0,0,0,0,0,0,0,0,0,0,0,0,0,0,0,0,0,0,20,20,20,20,0,20,20,20,20,0,0,0,0,0,0,0,0,0,0,0,0,0,0,0,0,0,0,0,0,0,0,0,0,0,0,0,0,0,0,0,0,0,0,0,0,0,0,0,0,0,0,0,0,0,1,0,1,0,0,0,0,0,1,0,1,0,0,0,0,0,0,0,0,1499449936,0,1499449936,1499449936,1499449936,1499449936,0,1499449936,1499449936,1499449936,0,0,0,0,0,0,0,0,0,Port_Scan
